Grade,2025_26 SS,2024_25 SS,2025_26 & 2024_25 PL,Grade,2025_26 SS,2024_25 SS,2025_26 & 2024_25 PL,Grade,2025_26 SS,2024_25 SS,2025_26 & 2024_25 PL,Grade,2025_26 SS,2024_25 SS,2025_26 & 2024_25 PL,Grade,2025_26 SS,2024_25 SS,2025_26 & 2024_25 PL,Grade,2025_26 SS,2024_25 SS,2025_26 & 2024_25 PL,Grade,2025_26 SS,2024_25 SS,2025_26 & 2024_25 PL,Grade,2025_26 SS,2024_25 SS,2025_26 & 2024_25 PL,Grade,2025_26 SS,2024_25 SS,2025_26 & 2024_25 PL,Grade,2025_26 SS,2024_25 SS,2025_26 & 2024_25 PL,Grade,2025_26 SS,2024_25 SS,2025_26 & 2024_25 PL,Grade,2025_26 SS,2024_25 SS,2025_26 & 2024_25 PL,Grade,2025_26 SS,2024_25 SS,2025_26 & 2024_25 PL
00,100,100,1,01,100,121,1,02,100,136,1,03,100,136,1,04,100,162,1.1,05,100,162,1,06,100,202,1.3,07,100,202,1.2,08,100,202,1.1,09,100,239,1.4,10,100,239,1.3,11,100,239,1.3,12,100,239,1.2
00,101,101,1,01,101,121,1,02,101,136,1,03,101,136,1,04,101,162,1.1,05,101,162,1,06,101,202,1.3,07,101,202,1.2,08,101,202,1.1,09,101,239,1.4,10,101,239,1.3,11,101,239,1.3,12,101,239,1.2
00,102,102,1,01,102,121,1,02,102,136,1,03,102,136,1,04,102,162,1.1,05,102,162,1,06,102,202,1.3,07,102,202,1.2,08,102,202,1.1,09,102,239,1.4,10,102,239,1.3,11,102,239,1.3,12,102,239,1.2
00,103,103,1,01,103,121,1,02,103,136,1,03,103,136,1,04,103,162,1.1,05,103,162,1,06,103,202,1.3,07,103,202,1.2,08,103,202,1.1,09,103,239,1.4,10,103,239,1.3,11,103,239,1.3,12,103,239,1.2
00,104,104,1,01,104,121,1,02,104,136,1,03,104,136,1,04,104,162,1.1,05,104,162,1,06,104,202,1.3,07,104,202,1.2,08,104,202,1.1,09,104,239,1.4,10,104,239,1.3,11,104,239,1.3,12,104,239,1.2
00,105,106,1,01,105,121,1,02,105,136,1,03,105,136,1,04,105,162,1.1,05,105,162,1,06,105,202,1.3,07,105,202,1.2,08,105,202,1.1,09,105,239,1.4,10,105,239,1.3,11,105,239,1.3,12,105,239,1.2
00,106,107,1,01,106,121,1,02,106,136,1,03,106,136,1,04,106,162,1.1,05,106,162,1,06,106,202,1.3,07,106,202,1.2,08,106,202,1.1,09,106,239,1.4,10,106,239,1.3,11,106,239,1.3,12,106,239,1.2
00,107,108,1,01,107,121,1,02,107,136,1,03,107,136,1,04,107,162,1.1,05,107,162,1,06,107,202,1.3,07,107,202,1.2,08,107,202,1.1,09,107,239,1.4,10,107,239,1.3,11,107,239,1.3,12,107,239,1.2
00,108,109,1,01,108,121,1,02,108,136,1,03,108,136,1,04,108,162,1.1,05,108,162,1,06,108,202,1.3,07,108,202,1.2,08,108,202,1.1,09,108,239,1.4,10,108,239,1.3,11,108,239,1.3,12,108,239,1.2
00,109,110,1,01,109,121,1,02,109,136,1,03,109,136,1,04,109,162,1.1,05,109,162,1,06,109,202,1.3,07,109,202,1.2,08,109,202,1.1,09,109,239,1.4,10,109,239,1.3,11,109,239,1.3,12,109,239,1.2
00,110,111,1,01,110,121,1,02,110,136,1,03,110,136,1,04,110,162,1.1,05,110,162,1,06,110,202,1.3,07,110,202,1.2,08,110,202,1.1,09,110,239,1.4,10,110,239,1.3,11,110,239,1.3,12,110,239,1.2
00,111,112,1,01,111,121,1,02,111,136,1,03,111,136,1,04,111,162,1.1,05,111,162,1,06,111,202,1.3,07,111,202,1.2,08,111,202,1.1,09,111,239,1.4,10,111,239,1.3,11,111,239,1.3,12,111,239,1.2
00,112,113,1.1,01,112,121,1,02,112,136,1,03,112,136,1,04,112,162,1.1,05,112,162,1,06,112,202,1.3,07,112,202,1.2,08,112,202,1.1,09,112,239,1.4,10,112,239,1.3,11,112,239,1.3,12,112,239,1.2
00,113,115,1.1,01,113,121,1,02,113,136,1,03,113,136,1,04,113,162,1.1,05,113,162,1,06,113,202,1.3,07,113,202,1.2,08,113,202,1.1,09,113,239,1.4,10,113,239,1.3,11,113,239,1.3,12,113,239,1.2
00,114,116,1.1,01,114,121,1,02,114,136,1,03,114,136,1,04,114,162,1.1,05,114,162,1,06,114,202,1.3,07,114,202,1.2,08,114,202,1.1,09,114,239,1.4,10,114,239,1.3,11,114,239,1.3,12,114,239,1.2
00,115,117,1.1,01,115,121,1,02,115,136,1,03,115,136,1,04,115,162,1.1,05,115,162,1,06,115,202,1.3,07,115,202,1.2,08,115,202,1.1,09,115,239,1.4,10,115,239,1.3,11,115,239,1.3,12,115,239,1.2
00,116,118,1.1,01,116,121,1,02,116,136,1,03,116,136,1,04,116,162,1.1,05,116,162,1,06,116,202,1.3,07,116,202,1.2,08,116,202,1.1,09,116,239,1.4,10,116,239,1.3,11,116,239,1.3,12,116,239,1.2
00,117,119,1.1,01,117,121,1,02,117,136,1,03,117,136,1,04,117,162,1.1,05,117,162,1,06,117,202,1.3,07,117,202,1.2,08,117,202,1.1,09,117,239,1.4,10,117,239,1.3,11,117,239,1.3,12,117,239,1.2
00,118,120,1.1,01,118,121,1,02,118,136,1,03,118,136,1,04,118,162,1.1,05,118,162,1,06,118,202,1.3,07,118,202,1.2,08,118,202,1.1,09,118,239,1.4,10,118,239,1.3,11,118,239,1.3,12,118,239,1.2
00,119,121,1.1,01,119,121,1,02,119,136,1,03,119,136,1,04,119,162,1.1,05,119,162,1,06,119,202,1.3,07,119,202,1.2,08,119,202,1.1,09,119,239,1.4,10,119,239,1.3,11,119,239,1.3,12,119,239,1.2
00,120,123,1.1,01,120,121,1,02,120,136,1,03,120,136,1,04,120,162,1.1,05,120,162,1,06,120,202,1.3,07,120,202,1.2,08,120,202,1.1,09,120,239,1.4,10,120,239,1.3,11,120,239,1.3,12,120,239,1.2
00,121,124,1.1,01,121,121,1,02,121,136,1,03,121,136,1,04,121,162,1.1,05,121,162,1,06,121,202,1.3,07,121,202,1.2,08,121,202,1.1,09,121,239,1.4,10,121,239,1.3,11,121,239,1.3,12,121,239,1.2
00,122,125,1.1,01,122,121,1,02,122,136,1,03,122,136,1,04,122,162,1.1,05,122,162,1,06,122,202,1.3,07,122,202,1.2,08,122,202,1.1,09,122,239,1.4,10,122,239,1.3,11,122,239,1.3,12,122,239,1.2
00,123,126,1.2,01,123,121,1,02,123,136,1,03,123,136,1,04,123,162,1.1,05,123,162,1,06,123,202,1.3,07,123,202,1.2,08,123,202,1.1,09,123,239,1.4,10,123,239,1.3,11,123,239,1.3,12,123,239,1.2
00,124,127,1.2,01,124,121,1,02,124,136,1,03,124,136,1,04,124,162,1.1,05,124,162,1,06,124,202,1.3,07,124,202,1.2,08,124,202,1.1,09,124,239,1.4,10,124,239,1.3,11,124,239,1.3,12,124,239,1.2
00,125,128,1.2,01,125,121,1,02,125,136,1,03,125,136,1,04,125,162,1.1,05,125,162,1,06,125,202,1.3,07,125,202,1.2,08,125,202,1.1,09,125,239,1.4,10,125,239,1.3,11,125,239,1.3,12,125,239,1.2
00,126,129,1.2,01,126,121,1,02,126,136,1,03,126,136,1,04,126,162,1.1,05,126,162,1,06,126,202,1.3,07,126,202,1.2,08,126,202,1.1,09,126,239,1.4,10,126,239,1.3,11,126,239,1.3,12,126,239,1.2
00,127,131,1.2,01,127,121,1,02,127,136,1,03,127,136,1,04,127,162,1.1,05,127,162,1,06,127,202,1.3,07,127,202,1.2,08,127,202,1.1,09,127,239,1.4,10,127,239,1.3,11,127,239,1.3,12,127,239,1.2
00,128,132,1.2,01,128,121,1,02,128,136,1,03,128,136,1,04,128,162,1.1,05,128,162,1,06,128,202,1.3,07,128,202,1.2,08,128,202,1.1,09,128,239,1.4,10,128,239,1.3,11,128,239,1.3,12,128,239,1.2
00,129,133,1.2,01,129,121,1,02,129,136,1,03,129,136,1,04,129,162,1.1,05,129,162,1,06,129,202,1.3,07,129,202,1.2,08,129,202,1.1,09,129,239,1.4,10,129,239,1.3,11,129,239,1.3,12,129,239,1.2
00,130,134,1.2,01,130,121,1,02,130,136,1,03,130,136,1,04,130,162,1.1,05,130,162,1,06,130,202,1.3,07,130,202,1.2,08,130,202,1.1,09,130,239,1.4,10,130,239,1.3,11,130,239,1.3,12,130,239,1.2
00,131,135,1.2,01,131,121,1,02,131,136,1,03,131,136,1,04,131,162,1.1,05,131,162,1,06,131,202,1.3,07,131,202,1.2,08,131,202,1.1,09,131,239,1.4,10,131,239,1.3,11,131,239,1.3,12,131,239,1.2
00,132,136,1.2,01,132,121,1,02,132,136,1,03,132,136,1,04,132,162,1.1,05,132,162,1,06,132,202,1.3,07,132,202,1.2,08,132,202,1.1,09,132,239,1.4,10,132,239,1.3,11,132,239,1.3,12,132,239,1.2
00,133,137,1.2,01,133,121,1,02,133,136,1,03,133,136,1,04,133,162,1.1,05,133,162,1,06,133,202,1.3,07,133,202,1.2,08,133,202,1.1,09,133,239,1.4,10,133,239,1.3,11,133,239,1.3,12,133,239,1.2
00,134,139,1.3,01,134,121,1,02,134,136,1,03,134,136,1,04,134,162,1.1,05,134,162,1,06,134,202,1.3,07,134,202,1.2,08,134,202,1.1,09,134,239,1.4,10,134,239,1.3,11,134,239,1.3,12,134,239,1.2
00,135,140,1.3,01,135,121,1,02,135,136,1,03,135,136,1,04,135,162,1.1,05,135,162,1,06,135,202,1.3,07,135,202,1.2,08,135,202,1.1,09,135,239,1.4,10,135,239,1.3,11,135,239,1.3,12,135,239,1.2
00,136,141,1.3,01,136,121,1,02,136,136,1,03,136,136,1,04,136,162,1.1,05,136,162,1,06,136,202,1.3,07,136,202,1.2,08,136,202,1.1,09,136,239,1.4,10,136,239,1.3,11,136,239,1.3,12,136,239,1.2
00,137,142,1.3,01,137,121,1,02,137,136,1,03,137,136,1,04,137,162,1.1,05,137,162,1,06,137,202,1.3,07,137,202,1.2,08,137,202,1.1,09,137,239,1.4,10,137,239,1.3,11,137,239,1.3,12,137,239,1.2
00,138,143,1.3,01,138,121,1,02,138,136,1,03,138,136,1,04,138,162,1.1,05,138,162,1,06,138,202,1.3,07,138,202,1.2,08,138,202,1.1,09,138,239,1.4,10,138,239,1.3,11,138,239,1.3,12,138,239,1.2
00,139,144,1.3,01,139,121,1,02,139,136,1,03,139,136,1,04,139,162,1.1,05,139,162,1,06,139,202,1.3,07,139,202,1.2,08,139,202,1.1,09,139,239,1.4,10,139,239,1.3,11,139,239,1.3,12,139,239,1.2
00,140,145,1.3,01,140,121,1,02,140,136,1,03,140,136,1,04,140,162,1.1,05,140,162,1,06,140,202,1.3,07,140,202,1.2,08,140,202,1.1,09,140,239,1.4,10,140,239,1.3,11,140,239,1.3,12,140,239,1.2
00,141,147,1.3,01,141,121,1,02,141,136,1,03,141,136,1,04,141,162,1.1,05,141,162,1,06,141,202,1.3,07,141,202,1.2,08,141,202,1.1,09,141,239,1.4,10,141,239,1.3,11,141,239,1.3,12,141,239,1.2
00,142,148,1.3,01,142,121,1,02,142,136,1,03,142,136,1,04,142,162,1.1,05,142,162,1,06,142,202,1.3,07,142,202,1.2,08,142,202,1.1,09,142,239,1.4,10,142,239,1.3,11,142,239,1.3,12,142,239,1.2
00,143,149,1.3,01,143,121,1,02,143,136,1,03,143,136,1,04,143,162,1.1,05,143,162,1,06,143,202,1.3,07,143,202,1.2,08,143,202,1.1,09,143,239,1.4,10,143,239,1.3,11,143,239,1.3,12,143,239,1.2
00,144,150,1.3,01,144,121,1,02,144,136,1,03,144,136,1,04,144,162,1.1,05,144,162,1,06,144,202,1.3,07,144,202,1.2,08,144,202,1.1,09,144,239,1.4,10,144,239,1.3,11,144,239,1.3,12,144,239,1.2
00,145,151,1.3,01,145,121,1,02,145,136,1,03,145,136,1,04,145,162,1.1,05,145,162,1,06,145,202,1.3,07,145,202,1.2,08,145,202,1.1,09,145,239,1.4,10,145,239,1.3,11,145,239,1.3,12,145,239,1.2
00,146,152,1.4,01,146,121,1,02,146,136,1,03,146,136,1,04,146,162,1.1,05,146,162,1,06,146,202,1.3,07,146,202,1.2,08,146,202,1.1,09,146,239,1.4,10,146,239,1.3,11,146,239,1.3,12,146,239,1.2
00,147,153,1.4,01,147,121,1,02,147,136,1,03,147,136,1,04,147,162,1.1,05,147,162,1,06,147,202,1.3,07,147,202,1.2,08,147,202,1.1,09,147,239,1.4,10,147,239,1.3,11,147,239,1.3,12,147,239,1.2
00,148,155,1.4,01,148,121,1,02,148,136,1,03,148,136,1,04,148,162,1.1,05,148,162,1,06,148,202,1.3,07,148,202,1.2,08,148,202,1.1,09,148,239,1.4,10,148,239,1.3,11,148,239,1.3,12,148,239,1.2
00,149,156,1.4,01,149,121,1,02,149,136,1,03,149,136,1,04,149,162,1.1,05,149,162,1,06,149,202,1.3,07,149,202,1.2,08,149,202,1.1,09,149,239,1.4,10,149,239,1.3,11,149,239,1.3,12,149,239,1.2
00,150,157,1.4,01,150,121,1,02,150,136,1,03,150,136,1,04,150,162,1.1,05,150,162,1,06,150,202,1.3,07,150,202,1.2,08,150,202,1.1,09,150,239,1.4,10,150,239,1.3,11,150,239,1.3,12,150,239,1.2
00,151,158,1.4,01,151,121,1,02,151,136,1,03,151,136,1,04,151,162,1.1,05,151,162,1,06,151,202,1.3,07,151,202,1.2,08,151,202,1.1,09,151,239,1.4,10,151,239,1.3,11,151,239,1.3,12,151,239,1.2
00,152,159,1.4,01,152,121,1,02,152,136,1,03,152,136,1,04,152,162,1.1,05,152,162,1,06,152,202,1.3,07,152,202,1.2,08,152,202,1.1,09,152,239,1.4,10,152,239,1.3,11,152,239,1.3,12,152,239,1.2
00,153,160,1.4,01,153,121,1,02,153,136,1,03,153,136,1,04,153,162,1.1,05,153,162,1,06,153,202,1.3,07,153,202,1.2,08,153,202,1.1,09,153,239,1.4,10,153,239,1.3,11,153,239,1.3,12,153,239,1.2
00,154,161,1.4,01,154,121,1,02,154,136,1,03,154,136,1,04,154,162,1.1,05,154,162,1,06,154,202,1.3,07,154,202,1.2,08,154,202,1.1,09,154,239,1.4,10,154,239,1.3,11,154,239,1.3,12,154,239,1.2
00,155,163,1.4,01,155,121,1,02,155,136,1,03,155,136,1,04,155,162,1.1,05,155,162,1,06,155,202,1.3,07,155,202,1.2,08,155,202,1.1,09,155,239,1.4,10,155,239,1.3,11,155,239,1.3,12,155,239,1.2
00,156,164,1.4,01,156,121,1,02,156,136,1,03,156,136,1,04,156,162,1.1,05,156,162,1,06,156,202,1.3,07,156,202,1.2,08,156,202,1.1,09,156,239,1.4,10,156,239,1.3,11,156,239,1.3,12,156,239,1.2
00,157,165,1.5,01,157,121,1,02,157,136,1,03,157,136,1,04,157,162,1.1,05,157,162,1,06,157,202,1.3,07,157,202,1.2,08,157,202,1.1,09,157,239,1.4,10,157,239,1.3,11,157,239,1.3,12,157,239,1.2
00,158,166,1.5,01,158,121,1,02,158,136,1,03,158,136,1,04,158,162,1.1,05,158,162,1,06,158,202,1.3,07,158,202,1.2,08,158,202,1.1,09,158,239,1.4,10,158,239,1.3,11,158,239,1.3,12,158,239,1.2
00,159,167,1.5,01,159,121,1,02,159,136,1,03,159,136,1,04,159,162,1.1,05,159,162,1,06,159,202,1.3,07,159,202,1.2,08,159,202,1.1,09,159,239,1.4,10,159,239,1.3,11,159,239,1.3,12,159,239,1.2
00,160,168,1.5,01,160,121,1,02,160,136,1,03,160,136,1,04,160,162,1.1,05,160,162,1,06,160,202,1.3,07,160,202,1.2,08,160,202,1.1,09,160,239,1.4,10,160,239,1.3,11,160,239,1.3,12,160,239,1.2
00,161,169,1.5,01,161,121,1,02,161,136,1,03,161,136,1,04,161,162,1.1,05,161,162,1,06,161,202,1.3,07,161,202,1.2,08,161,202,1.1,09,161,239,1.4,10,161,239,1.3,11,161,239,1.3,12,161,239,1.2
00,162,171,1.5,01,162,121,1,02,162,136,1,03,162,136,1,04,162,162,1.1,05,162,162,1,06,162,202,1.3,07,162,202,1.2,08,162,202,1.1,09,162,239,1.4,10,162,239,1.3,11,162,239,1.3,12,162,239,1.2
00,163,172,1.5,01,163,121,1,02,163,136,1,03,163,136,1,04,163,162,1.1,05,163,162,1,06,163,202,1.3,07,163,202,1.2,08,163,202,1.1,09,163,239,1.4,10,163,239,1.3,11,163,239,1.3,12,163,239,1.2
00,164,173,1.5,01,164,121,1,02,164,136,1,03,164,136,1,04,164,162,1.1,05,164,162,1,06,164,202,1.3,07,164,202,1.2,08,164,202,1.1,09,164,239,1.4,10,164,239,1.3,11,164,239,1.3,12,164,239,1.2
00,165,174,1.5,01,165,121,1,02,165,136,1,03,165,136,1,04,165,162,1.1,05,165,162,1,06,165,202,1.3,07,165,202,1.2,08,165,202,1.1,09,165,239,1.4,10,165,239,1.3,11,165,239,1.3,12,165,239,1.2
00,166,175,1.5,01,166,121,1,02,166,136,1,03,166,136,1,04,166,162,1.1,05,166,162,1,06,166,202,1.3,07,166,202,1.2,08,166,202,1.1,09,166,239,1.4,10,166,239,1.3,11,166,239,1.3,12,166,239,1.2
00,167,176,1.5,01,167,121,1,02,167,136,1,03,167,136,1,04,167,162,1.1,05,167,162,1,06,167,202,1.3,07,167,202,1.2,08,167,202,1.1,09,167,239,1.4,10,167,239,1.3,11,167,239,1.3,12,167,239,1.2
00,168,177,1.5,01,168,121,1,02,168,136,1,03,168,136,1,04,168,162,1.1,05,168,162,1,06,168,202,1.3,07,168,202,1.2,08,168,202,1.1,09,168,239,1.4,10,168,239,1.3,11,168,239,1.3,12,168,239,1.2
00,169,179,1.6,01,169,121,1,02,169,136,1,03,169,136,1,04,169,162,1.1,05,169,162,1,06,169,202,1.3,07,169,202,1.2,08,169,202,1.1,09,169,239,1.4,10,169,239,1.3,11,169,239,1.3,12,169,239,1.2
00,170,180,1.6,01,170,121,1,02,170,136,1,03,170,136,1,04,170,162,1.1,05,170,162,1,06,170,202,1.3,07,170,202,1.2,08,170,202,1.1,09,170,239,1.4,10,170,239,1.3,11,170,239,1.3,12,170,239,1.2
00,171,181,1.6,01,171,121,1,02,171,136,1,03,171,136,1,04,171,162,1.1,05,171,162,1,06,171,202,1.3,07,171,202,1.2,08,171,202,1.1,09,171,239,1.4,10,171,239,1.3,11,171,239,1.3,12,171,239,1.2
00,172,182,1.6,01,172,121,1,02,172,136,1,03,172,136,1,04,172,162,1.1,05,172,162,1,06,172,202,1.3,07,172,202,1.2,08,172,202,1.1,09,172,239,1.4,10,172,239,1.3,11,172,239,1.3,12,172,239,1.2
00,173,183,1.6,01,173,121,1,02,173,136,1,03,173,136,1,04,173,162,1.1,05,173,162,1,06,173,202,1.3,07,173,202,1.2,08,173,202,1.1,09,173,239,1.4,10,173,239,1.3,11,173,239,1.3,12,173,239,1.2
00,174,184,1.6,01,174,121,1,02,174,136,1,03,174,136,1,04,174,162,1.1,05,174,162,1,06,174,202,1.3,07,174,202,1.2,08,174,202,1.1,09,174,239,1.4,10,174,239,1.3,11,174,239,1.3,12,174,239,1.2
00,175,185,1.6,01,175,121,1,02,175,136,1,03,175,136,1,04,175,162,1.1,05,175,162,1,06,175,202,1.3,07,175,202,1.2,08,175,202,1.1,09,175,239,1.4,10,175,239,1.3,11,175,239,1.3,12,175,239,1.2
00,176,186,1.6,01,176,121,1,02,176,136,1,03,176,136,1,04,176,162,1.1,05,176,162,1,06,176,202,1.3,07,176,202,1.2,08,176,202,1.1,09,176,239,1.4,10,176,239,1.3,11,176,239,1.3,12,176,239,1.2
00,177,188,1.6,01,177,121,1,02,177,136,1,03,177,136,1,04,177,162,1.1,05,177,162,1,06,177,202,1.3,07,177,202,1.2,08,177,202,1.1,09,177,239,1.4,10,177,239,1.3,11,177,239,1.3,12,177,239,1.2
00,178,189,1.6,01,178,121,1,02,178,136,1,03,178,136,1,04,178,162,1.1,05,178,162,1,06,178,202,1.3,07,178,202,1.2,08,178,202,1.1,09,178,239,1.4,10,178,239,1.3,11,178,239,1.3,12,178,239,1.2
00,179,190,1.6,01,179,121,1,02,179,136,1,03,179,136,1,04,179,162,1.1,05,179,162,1,06,179,202,1.3,07,179,202,1.2,08,179,202,1.1,09,179,239,1.4,10,179,239,1.3,11,179,239,1.3,12,179,239,1.2
00,180,191,1.7,01,180,121,1,02,180,136,1,03,180,136,1,04,180,162,1.1,05,180,162,1,06,180,202,1.3,07,180,202,1.2,08,180,202,1.1,09,180,239,1.4,10,180,239,1.3,11,180,239,1.3,12,180,239,1.2
00,181,192,1.7,01,181,121,1,02,181,136,1,03,181,136,1,04,181,162,1.1,05,181,162,1,06,181,202,1.3,07,181,202,1.2,08,181,202,1.1,09,181,239,1.4,10,181,239,1.3,11,181,239,1.3,12,181,239,1.2
00,182,193,1.7,01,182,121,1,02,182,136,1,03,182,136,1,04,182,162,1.1,05,182,162,1,06,182,202,1.3,07,182,202,1.2,08,182,202,1.1,09,182,239,1.4,10,182,239,1.3,11,182,239,1.3,12,182,239,1.2
00,183,194,1.7,01,183,121,1,02,183,136,1,03,183,136,1,04,183,162,1.1,05,183,162,1,06,183,202,1.3,07,183,202,1.2,08,183,202,1.1,09,183,239,1.4,10,183,239,1.3,11,183,239,1.3,12,183,239,1.2
00,184,196,1.7,01,184,123,1,02,184,138,1,03,184,138,1,04,184,162,1.1,05,184,162,1,06,184,202,1.3,07,184,202,1.2,08,184,202,1.1,09,184,239,1.4,10,184,239,1.3,11,184,239,1.3,12,184,239,1.2
00,185,197,1.7,01,185,125,1,02,185,139,1,03,185,139,1,04,185,162,1.1,05,185,162,1,06,185,202,1.3,07,185,202,1.2,08,185,202,1.1,09,185,239,1.4,10,185,239,1.3,11,185,239,1.3,12,185,239,1.2
00,186,198,1.7,01,186,128,1,02,186,141,1.1,03,186,141,1,04,186,162,1.1,05,186,162,1,06,186,202,1.3,07,186,202,1.2,08,186,202,1.1,09,186,239,1.4,10,186,239,1.3,11,186,239,1.3,12,186,239,1.2
00,187,199,1.7,01,187,130,1,02,187,142,1.1,03,187,142,1,04,187,162,1.1,05,187,162,1,06,187,202,1.3,07,187,202,1.2,08,187,202,1.1,09,187,239,1.4,10,187,239,1.3,11,187,239,1.3,12,187,239,1.2
00,188,200,1.7,01,188,133,1.1,02,188,143,1.1,03,188,143,1,04,188,162,1.1,05,188,162,1,06,188,202,1.3,07,188,202,1.2,08,188,202,1.1,09,188,239,1.4,10,188,239,1.3,11,188,239,1.3,12,188,239,1.2
00,189,201,1.7,01,189,135,1.1,02,189,145,1.1,03,189,145,1,04,189,162,1.1,05,189,162,1,06,189,202,1.3,07,189,202,1.2,08,189,202,1.1,09,189,239,1.4,10,189,239,1.3,11,189,239,1.3,12,189,239,1.2
00,190,202,1.7,01,190,137,1.1,02,190,146,1.1,03,190,146,1,04,190,162,1.1,05,190,162,1,06,190,202,1.3,07,190,202,1.2,08,190,202,1.1,09,190,239,1.4,10,190,239,1.3,11,190,239,1.3,12,190,239,1.2
00,191,204,1.8,01,191,140,1.1,02,191,148,1.1,03,191,148,1,04,191,162,1.1,05,191,162,1,06,191,202,1.3,07,191,202,1.2,08,191,202,1.1,09,191,239,1.4,10,191,239,1.3,11,191,239,1.3,12,191,239,1.2
00,192,205,1.8,01,192,142,1.1,02,192,149,1.1,03,192,149,1.1,04,192,162,1.1,05,192,162,1,06,192,202,1.3,07,192,202,1.2,08,192,202,1.1,09,192,239,1.4,10,192,239,1.3,11,192,239,1.3,12,192,239,1.2
00,193,206,1.8,01,193,145,1.2,02,193,151,1.1,03,193,151,1.1,04,193,162,1.1,05,193,162,1,06,193,202,1.3,07,193,202,1.2,08,193,202,1.1,09,193,239,1.4,10,193,239,1.3,11,193,239,1.3,12,193,239,1.2
00,194,207,1.8,01,194,147,1.2,02,194,152,1.1,03,194,152,1.1,04,194,162,1.1,05,194,162,1,06,194,202,1.3,07,194,202,1.2,08,194,202,1.1,09,194,239,1.4,10,194,239,1.3,11,194,239,1.3,12,194,239,1.2
00,195,208,1.8,01,195,149,1.2,02,195,154,1.2,03,195,154,1.1,04,195,162,1.1,05,195,162,1,06,195,202,1.3,07,195,202,1.2,08,195,202,1.1,09,195,239,1.4,10,195,239,1.3,11,195,239,1.3,12,195,239,1.2
00,196,209,1.8,01,196,152,1.2,02,196,155,1.2,03,196,155,1.1,04,196,162,1.1,05,196,162,1,06,196,202,1.3,07,196,202,1.2,08,196,202,1.1,09,196,239,1.4,10,196,239,1.3,11,196,239,1.3,12,196,239,1.2
00,197,210,1.8,01,197,154,1.2,02,197,156,1.2,03,197,156,1.1,04,197,162,1.1,05,197,162,1,06,197,202,1.3,07,197,202,1.2,08,197,202,1.1,09,197,239,1.4,10,197,239,1.3,11,197,239,1.3,12,197,239,1.2
00,198,212,1.8,01,198,156,1.2,02,198,158,1.2,03,198,158,1.1,04,198,162,1.1,05,198,162,1,06,198,202,1.3,07,198,202,1.2,08,198,202,1.1,09,198,239,1.4,10,198,239,1.3,11,198,239,1.3,12,198,239,1.2
00,199,213,1.8,01,199,159,1.3,02,199,159,1.2,03,199,159,1.1,04,199,162,1.1,05,199,162,1,06,199,202,1.3,07,199,202,1.2,08,199,202,1.1,09,199,239,1.4,10,199,239,1.3,11,199,239,1.3,12,199,239,1.2
00,200,214,1.8,01,200,161,1.3,02,200,161,1.2,03,200,161,1.1,04,200,162,1.1,05,200,162,1,06,200,202,1.3,07,200,202,1.2,08,200,202,1.1,09,200,239,1.4,10,200,239,1.3,11,200,239,1.3,12,200,239,1.2
00,201,215,1.8,01,201,164,1.3,02,201,162,1.2,03,201,162,1.2,04,201,162,1.1,05,201,162,1,06,201,202,1.3,07,201,202,1.2,08,201,202,1.1,09,201,239,1.4,10,201,239,1.3,11,201,239,1.3,12,201,239,1.2
00,202,216,1.8,01,202,166,1.3,02,202,164,1.2,03,202,164,1.2,04,202,162,1.1,05,202,162,1,06,202,202,1.3,07,202,202,1.2,08,202,202,1.1,09,202,239,1.4,10,202,239,1.3,11,202,239,1.3,12,202,239,1.2
00,203,217,1.9,01,203,168,1.3,02,203,165,1.2,03,203,165,1.2,04,203,162,1.1,05,203,162,1,06,203,202,1.3,07,203,202,1.2,08,203,202,1.1,09,203,239,1.4,10,203,239,1.3,11,203,239,1.3,12,203,239,1.2
00,204,218,1.9,01,204,171,1.4,02,204,167,1.3,03,204,167,1.2,04,204,162,1.1,05,204,162,1,06,204,202,1.3,07,204,202,1.2,08,204,202,1.1,09,204,239,1.4,10,204,239,1.3,11,204,239,1.3,12,204,239,1.2
00,205,220,1.9,01,205,172,1.4,02,205,168,1.3,03,205,168,1.2,04,205,162,1.1,05,205,162,1,06,205,202,1.3,07,205,202,1.2,08,205,202,1.1,09,205,239,1.4,10,205,239,1.3,11,205,239,1.3,12,205,239,1.2
00,206,221,1.9,01,206,172,1.4,02,206,169,1.3,03,206,169,1.2,04,206,162,1.1,05,206,162,1,06,206,202,1.3,07,206,202,1.2,08,206,202,1.1,09,206,239,1.4,10,206,239,1.3,11,206,239,1.3,12,206,239,1.2
00,207,222,1.9,01,207,173,1.4,02,207,171,1.3,03,207,171,1.2,04,207,162,1.1,05,207,162,1,06,207,202,1.3,07,207,202,1.2,08,207,202,1.1,09,207,239,1.4,10,207,239,1.3,11,207,239,1.3,12,207,239,1.2
00,208,223,1.9,01,208,173,1.4,02,208,172,1.3,03,208,172,1.2,04,208,162,1.1,05,208,162,1,06,208,202,1.3,07,208,202,1.2,08,208,202,1.1,09,208,239,1.4,10,208,239,1.3,11,208,239,1.3,12,208,239,1.2
00,209,224,1.9,01,209,174,1.4,02,209,174,1.3,03,209,174,1.2,04,209,164,1.1,05,209,164,1,06,209,202,1.3,07,209,202,1.2,08,209,202,1.1,09,209,239,1.4,10,209,239,1.3,11,209,239,1.3,12,209,239,1.2
00,210,225,1.9,01,210,174,1.4,02,210,175,1.3,03,210,175,1.3,04,210,166,1.1,05,210,166,1,06,210,202,1.3,07,210,202,1.2,08,210,202,1.1,09,210,239,1.4,10,210,239,1.3,11,210,239,1.3,12,210,239,1.2
00,211,226,1.9,01,211,175,1.4,02,211,177,1.3,03,211,177,1.3,04,211,168,1.1,05,211,168,1.1,06,211,202,1.3,07,211,202,1.2,08,211,202,1.1,09,211,239,1.4,10,211,239,1.3,11,211,239,1.3,12,211,239,1.2
00,212,228,1.9,01,212,175,1.4,02,212,178,1.3,03,212,178,1.3,04,212,170,1.1,05,212,170,1.1,06,212,202,1.3,07,212,202,1.2,08,212,202,1.1,09,212,239,1.4,10,212,239,1.3,11,212,239,1.3,12,212,239,1.2
00,213,229,2,01,213,176,1.4,02,213,179,1.4,03,213,179,1.3,04,213,172,1.2,05,213,172,1.1,06,213,202,1.3,07,213,202,1.2,08,213,202,1.1,09,213,239,1.4,10,213,239,1.3,11,213,239,1.3,12,213,239,1.2
00,214,230,2,01,214,176,1.4,02,214,181,1.4,03,214,181,1.3,04,214,173,1.2,05,214,173,1.1,06,214,202,1.3,07,214,202,1.2,08,214,202,1.1,09,214,239,1.4,10,214,239,1.3,11,214,239,1.3,12,214,239,1.2
00,215,231,2,01,215,177,1.4,02,215,182,1.4,03,215,182,1.3,04,215,175,1.2,05,215,175,1.1,06,215,202,1.3,07,215,202,1.2,08,215,202,1.1,09,215,239,1.4,10,215,239,1.3,11,215,239,1.3,12,215,239,1.2
00,216,232,2,01,216,178,1.4,02,216,184,1.4,03,216,184,1.3,04,216,177,1.2,05,216,177,1.1,06,216,202,1.3,07,216,202,1.2,08,216,202,1.1,09,216,239,1.4,10,216,239,1.3,11,216,239,1.3,12,216,239,1.2
00,217,233,2.1,01,217,178,1.4,02,217,185,1.4,03,217,185,1.3,04,217,179,1.2,05,217,179,1.1,06,217,202,1.3,07,217,202,1.2,08,217,202,1.1,09,217,239,1.4,10,217,239,1.3,11,217,239,1.3,12,217,239,1.2
00,218,234,2.1,01,218,179,1.4,02,218,187,1.4,03,218,187,1.3,04,218,181,1.2,05,218,181,1.2,06,218,202,1.3,07,218,202,1.2,08,218,202,1.1,09,218,239,1.4,10,218,239,1.3,11,218,239,1.3,12,218,239,1.2
00,219,236,2.2,01,219,179,1.4,02,219,188,1.4,03,219,188,1.4,04,219,183,1.2,05,219,183,1.2,06,219,202,1.3,07,219,202,1.2,08,219,202,1.1,09,219,239,1.4,10,219,239,1.3,11,219,239,1.3,12,219,239,1.2
00,220,237,2.2,01,220,180,1.4,02,220,190,1.4,03,220,190,1.4,04,220,184,1.2,05,220,184,1.2,06,220,202,1.3,07,220,202,1.2,08,220,202,1.1,09,220,239,1.4,10,220,239,1.3,11,220,239,1.3,12,220,239,1.2
00,221,238,2.2,01,221,180,1.4,02,221,191,1.5,03,221,191,1.4,04,221,186,1.3,05,221,186,1.2,06,221,202,1.3,07,221,202,1.2,08,221,202,1.1,09,221,239,1.4,10,221,239,1.3,11,221,239,1.3,12,221,239,1.2
00,222,239,2.3,01,222,181,1.5,02,222,192,1.5,03,222,192,1.4,04,222,188,1.3,05,222,188,1.2,06,222,202,1.3,07,222,202,1.2,08,222,202,1.1,09,222,239,1.4,10,222,239,1.3,11,222,239,1.3,12,222,239,1.2
00,223,240,2.3,01,223,182,1.5,02,223,194,1.5,03,223,194,1.4,04,223,190,1.3,05,223,190,1.2,06,223,202,1.3,07,223,202,1.2,08,223,202,1.1,09,223,239,1.4,10,223,239,1.3,11,223,239,1.3,12,223,239,1.2
00,224,241,2.3,01,224,182,1.5,02,224,195,1.5,03,224,195,1.4,04,224,192,1.3,05,224,192,1.2,06,224,202,1.3,07,224,202,1.2,08,224,202,1.1,09,224,239,1.4,10,224,239,1.3,11,224,239,1.3,12,224,239,1.2
00,225,242,2.4,01,225,183,1.5,02,225,196,1.5,03,225,196,1.4,04,225,194,1.3,05,225,194,1.3,06,225,202,1.3,07,225,202,1.2,08,225,202,1.1,09,225,239,1.4,10,225,239,1.3,11,225,239,1.3,12,225,239,1.2
00,226,244,2.4,01,226,184,1.5,02,226,197,1.5,03,226,197,1.4,04,226,195,1.3,05,226,195,1.3,06,226,202,1.3,07,226,202,1.2,08,226,202,1.1,09,226,239,1.4,10,226,239,1.3,11,226,239,1.3,12,226,239,1.2
00,227,245,2.5,01,227,184,1.5,02,227,198,1.5,03,227,198,1.4,04,227,197,1.3,05,227,197,1.3,06,227,202,1.3,07,227,202,1.2,08,227,202,1.1,09,227,239,1.4,10,227,239,1.3,11,227,239,1.3,12,227,239,1.2
00,228,246,2.5,01,228,185,1.5,02,228,199,1.5,03,228,199,1.4,04,228,199,1.4,05,228,199,1.3,06,228,202,1.3,07,228,202,1.2,08,228,202,1.1,09,228,239,1.4,10,228,239,1.3,11,228,239,1.3,12,228,239,1.2
00,229,247,2.5,01,229,186,1.5,02,229,200,1.5,03,229,200,1.4,04,229,201,1.4,05,229,201,1.3,06,229,202,1.3,07,229,202,1.2,08,229,202,1.1,09,229,239,1.4,10,229,239,1.3,11,229,239,1.3,12,229,239,1.2
00,230,248,2.5,01,230,187,1.5,02,230,201,1.5,03,230,201,1.5,04,230,203,1.4,05,230,203,1.3,06,230,202,1.3,07,230,202,1.2,08,230,202,1.1,09,230,239,1.4,10,230,239,1.3,11,230,239,1.3,12,230,239,1.2
00,231,249,2.6,01,231,188,1.5,02,231,202,1.5,03,231,202,1.5,04,231,205,1.4,05,231,205,1.3,06,231,202,1.3,07,231,202,1.2,08,231,202,1.1,09,231,239,1.4,10,231,239,1.3,11,231,239,1.3,12,231,239,1.2
00,232,250,2.6,01,232,189,1.5,02,232,203,1.5,03,232,203,1.5,04,232,206,1.4,05,232,206,1.3,06,232,204,1.3,07,232,204,1.2,08,232,204,1.2,09,232,239,1.4,10,232,239,1.3,11,232,239,1.3,12,232,239,1.2
00,233,252,2.7,01,233,189,1.5,02,233,204,1.6,03,233,204,1.5,04,233,208,1.4,05,233,208,1.4,06,233,206,1.3,07,233,206,1.2,08,233,206,1.2,09,233,239,1.4,10,233,239,1.3,11,233,239,1.3,12,233,239,1.2
00,234,253,2.7,01,234,190,1.5,02,234,205,1.6,03,234,205,1.5,04,234,210,1.4,05,234,210,1.4,06,234,207,1.3,07,234,207,1.2,08,234,207,1.2,09,234,239,1.4,10,234,239,1.3,11,234,239,1.3,12,234,239,1.2
00,235,254,2.7,01,235,191,1.5,02,235,206,1.6,03,235,206,1.5,04,235,212,1.5,05,235,212,1.4,06,235,209,1.3,07,235,209,1.3,08,235,209,1.2,09,235,239,1.4,10,235,239,1.3,11,235,239,1.3,12,235,239,1.2
00,236,255,2.8,01,236,193,1.5,02,236,207,1.6,03,236,207,1.5,04,236,213,1.5,05,236,213,1.4,06,236,211,1.3,07,236,211,1.3,08,236,211,1.2,09,236,239,1.4,10,236,239,1.3,11,236,239,1.3,12,236,239,1.2
00,237,256,2.8,01,237,194,1.6,02,237,208,1.6,03,237,208,1.5,04,237,215,1.5,05,237,215,1.4,06,237,212,1.3,07,237,212,1.3,08,237,212,1.2,09,237,239,1.4,10,237,239,1.3,11,237,239,1.3,12,237,239,1.2
00,238,257,2.8,01,238,195,1.6,02,238,209,1.6,03,238,209,1.5,04,238,216,1.5,05,238,216,1.4,06,238,214,1.4,07,238,214,1.3,08,238,214,1.2,09,238,239,1.4,10,238,239,1.3,11,238,239,1.3,12,238,239,1.2
00,239,258,2.9,01,239,196,1.6,02,239,210,1.6,03,239,210,1.5,04,239,217,1.5,05,239,217,1.4,06,239,216,1.4,07,239,216,1.3,08,239,216,1.3,09,239,239,1.4,10,239,239,1.3,11,239,239,1.3,12,239,239,1.2
00,240,259,2.9,01,240,197,1.6,02,240,211,1.6,03,240,211,1.5,04,240,218,1.5,05,240,218,1.4,06,240,217,1.4,07,240,217,1.3,08,240,217,1.3,09,240,239,1.4,10,240,239,1.3,11,240,239,1.3,12,240,239,1.2
00,241,261,3,01,241,198,1.6,02,241,212,1.6,03,241,212,1.5,04,241,219,1.5,05,241,219,1.4,06,241,219,1.4,07,241,219,1.3,08,241,219,1.3,09,241,239,1.4,10,241,239,1.3,11,241,239,1.3,12,241,239,1.2
00,242,262,3,01,242,200,1.6,02,242,213,1.6,03,242,213,1.5,04,242,220,1.5,05,242,220,1.5,06,242,221,1.4,07,242,221,1.4,08,242,221,1.3,09,242,239,1.4,10,242,239,1.3,11,242,239,1.3,12,242,239,1.2
00,243,263,3,01,243,201,1.6,02,243,214,1.6,03,243,214,1.6,04,243,221,1.5,05,243,221,1.5,06,243,222,1.4,07,243,222,1.4,08,243,222,1.3,09,243,239,1.4,10,243,239,1.3,11,243,239,1.3,12,243,239,1.2
00,244,264,3,01,244,202,1.6,02,244,215,1.6,03,244,215,1.6,04,244,222,1.5,05,244,222,1.5,06,244,224,1.4,07,244,224,1.4,08,244,224,1.3,09,244,239,1.4,10,244,239,1.3,11,244,239,1.3,12,244,239,1.2
00,245,265,3.1,01,245,203,1.6,02,245,216,1.6,03,245,216,1.6,04,245,223,1.5,05,245,223,1.5,06,245,226,1.5,07,245,226,1.4,08,245,226,1.3,09,245,239,1.4,10,245,239,1.3,11,245,239,1.3,12,245,239,1.2
00,246,266,3.1,01,246,205,1.6,02,246,217,1.7,03,246,217,1.6,04,246,224,1.5,05,246,224,1.5,06,246,227,1.5,07,246,227,1.4,08,246,227,1.3,09,246,239,1.4,10,246,239,1.3,11,246,239,1.3,12,246,239,1.2
00,247,267,3.1,01,247,206,1.7,02,247,218,1.7,03,247,218,1.6,04,247,226,1.6,05,247,226,1.5,06,247,229,1.5,07,247,229,1.4,08,247,229,1.4,09,247,240,1.4,10,247,240,1.3,11,247,240,1.3,12,247,240,1.2
00,248,269,3.2,01,248,207,1.7,02,248,219,1.7,03,248,219,1.6,04,248,227,1.6,05,248,227,1.5,06,248,231,1.5,07,248,231,1.4,08,248,231,1.4,09,248,241,1.4,10,248,241,1.3,11,248,241,1.3,12,248,241,1.2
00,249,270,3.2,01,249,209,1.7,02,249,220,1.7,03,249,220,1.6,04,249,228,1.6,05,249,228,1.5,06,249,232,1.5,07,249,232,1.4,08,249,232,1.4,09,249,242,1.4,10,249,242,1.3,11,249,242,1.3,12,249,242,1.2
00,250,271,3.3,01,250,210,1.7,02,250,221,1.7,03,250,221,1.6,04,250,229,1.6,05,250,229,1.5,06,250,234,1.5,07,250,234,1.5,08,250,234,1.4,09,250,242,1.4,10,250,242,1.3,11,250,242,1.3,12,250,242,1.2
00,251,272,3.3,01,251,211,1.7,02,251,223,1.7,03,251,223,1.6,04,251,230,1.6,05,251,230,1.5,06,251,236,1.5,07,251,236,1.5,08,251,236,1.4,09,251,243,1.4,10,251,243,1.3,11,251,243,1.3,12,251,243,1.2
00,252,273,3.3,01,252,213,1.7,02,252,224,1.7,03,252,224,1.6,04,252,231,1.6,05,252,231,1.5,06,252,237,1.5,07,252,237,1.5,08,252,237,1.4,09,252,244,1.4,10,252,244,1.4,11,252,244,1.3,12,252,244,1.2
00,253,274,3.4,01,253,214,1.7,02,253,225,1.7,03,253,225,1.6,04,253,232,1.6,05,253,232,1.5,06,253,239,1.6,07,253,239,1.5,08,253,239,1.4,09,253,245,1.4,10,253,245,1.4,11,253,245,1.3,12,253,245,1.2
00,254,275,3.4,01,254,215,1.7,02,254,226,1.7,03,254,226,1.6,04,254,234,1.6,05,254,234,1.6,06,254,240,1.6,07,254,240,1.5,08,254,240,1.4,09,254,246,1.4,10,254,246,1.4,11,254,246,1.3,12,254,246,1.2
00,255,277,3.5,01,255,216,1.7,02,255,227,1.7,03,255,227,1.7,04,255,235,1.6,05,255,235,1.6,06,255,241,1.6,07,255,241,1.5,08,255,241,1.5,09,255,247,1.4,10,255,247,1.4,11,255,247,1.3,12,255,247,1.3
00,256,278,3.5,01,256,218,1.8,02,256,228,1.7,03,256,228,1.7,04,256,236,1.6,05,256,236,1.6,06,256,241,1.6,07,256,241,1.5,08,256,241,1.5,09,256,248,1.4,10,256,248,1.4,11,256,248,1.3,12,256,248,1.3
00,257,279,3.5,01,257,219,1.8,02,257,229,1.8,03,257,229,1.7,04,257,237,1.6,05,257,237,1.6,06,257,242,1.6,07,257,242,1.5,08,257,242,1.5,09,257,248,1.4,10,257,248,1.4,11,257,248,1.3,12,257,248,1.3
00,258,280,3.5,01,258,220,1.8,02,258,230,1.8,03,258,230,1.7,04,258,239,1.7,05,258,239,1.6,06,258,243,1.6,07,258,243,1.5,08,258,243,1.5,09,258,249,1.5,10,258,249,1.4,11,258,249,1.3,12,258,249,1.3
00,259,281,3.6,01,259,221,1.8,02,259,231,1.8,03,259,231,1.7,04,259,240,1.7,05,259,240,1.6,06,259,244,1.6,07,259,244,1.5,08,259,244,1.5,09,259,250,1.5,10,259,250,1.4,11,259,250,1.3,12,259,250,1.3
00,260,282,3.6,01,260,223,1.8,02,260,232,1.8,03,260,232,1.7,04,260,241,1.7,05,260,241,1.6,06,260,245,1.6,07,260,245,1.5,08,260,245,1.5,09,260,251,1.5,10,260,251,1.4,11,260,251,1.3,12,260,251,1.3
00,261,283,3.6,01,261,224,1.8,02,261,233,1.8,03,261,233,1.7,04,261,243,1.7,05,261,243,1.6,06,261,246,1.6,07,261,246,1.5,08,261,246,1.5,09,261,252,1.5,10,261,252,1.4,11,261,252,1.4,12,261,252,1.3
00,262,285,3.7,01,262,225,1.8,02,262,235,1.8,03,262,235,1.7,04,262,244,1.7,05,262,244,1.6,06,262,247,1.6,07,262,247,1.6,08,262,247,1.5,09,262,253,1.5,10,262,253,1.4,11,262,253,1.4,12,262,253,1.3
00,263,286,3.7,01,263,226,1.8,02,263,236,1.8,03,263,236,1.7,04,263,245,1.7,05,263,245,1.6,06,263,248,1.6,07,263,248,1.6,08,263,248,1.5,09,263,254,1.5,10,263,254,1.4,11,263,254,1.4,12,263,254,1.3
00,264,287,3.8,01,264,228,1.8,02,264,237,1.8,03,264,237,1.7,04,264,247,1.7,05,264,247,1.7,06,264,249,1.6,07,264,249,1.6,08,264,249,1.5,09,264,255,1.5,10,264,255,1.4,11,264,255,1.4,12,264,255,1.3
00,265,288,3.8,01,265,229,1.8,02,265,238,1.8,03,265,238,1.7,04,265,248,1.7,05,265,248,1.7,06,265,250,1.6,07,265,250,1.6,08,265,250,1.5,09,265,255,1.5,10,265,255,1.4,11,265,255,1.4,12,265,255,1.3
00,266,289,3.8,01,266,230,1.9,02,266,239,1.8,03,266,239,1.7,04,266,250,1.7,05,266,250,1.7,06,266,250,1.6,07,266,250,1.6,08,266,250,1.5,09,266,256,1.5,10,266,256,1.5,11,266,256,1.4,12,266,256,1.3
00,267,290,3.9,01,267,232,1.9,02,267,241,1.8,03,267,241,1.8,04,267,251,1.7,05,267,251,1.7,06,267,251,1.6,07,267,251,1.6,08,267,251,1.5,09,267,257,1.5,10,267,257,1.5,11,267,257,1.4,12,267,257,1.3
00,268,291,3.9,01,268,233,1.9,02,268,242,1.9,03,268,242,1.8,04,268,252,1.7,05,268,252,1.7,06,268,252,1.7,07,268,252,1.6,08,268,252,1.5,09,268,258,1.5,10,268,258,1.5,11,268,258,1.4,12,268,258,1.3
00,269,293,4,01,269,234,1.9,02,269,243,1.9,03,269,243,1.8,04,269,254,1.8,05,269,254,1.7,06,269,253,1.7,07,269,253,1.6,08,269,253,1.5,09,269,259,1.5,10,269,259,1.5,11,269,259,1.4,12,269,259,1.4
00,270,294,4,01,270,236,1.9,02,270,244,1.9,03,270,244,1.8,04,270,255,1.8,05,270,255,1.7,06,270,254,1.7,07,270,254,1.6,08,270,254,1.6,09,270,260,1.5,10,270,260,1.5,11,270,260,1.4,12,270,260,1.4
00,271,295,4,01,271,237,1.9,02,271,245,1.9,03,271,245,1.8,04,271,256,1.8,05,271,256,1.7,06,271,255,1.7,07,271,255,1.6,08,271,255,1.6,09,271,261,1.6,10,271,261,1.5,11,271,261,1.4,12,271,261,1.4
00,272,296,4,01,272,238,1.9,02,272,247,1.9,03,272,247,1.8,04,272,258,1.8,05,272,258,1.7,06,272,256,1.7,07,272,256,1.6,08,272,256,1.6,09,272,261,1.6,10,272,261,1.5,11,272,261,1.4,12,272,261,1.4
00,273,297,4.1,01,273,239,1.9,02,273,248,1.9,03,273,248,1.8,04,273,259,1.8,05,273,259,1.7,06,273,257,1.7,07,273,257,1.6,08,273,257,1.6,09,273,262,1.6,10,273,262,1.5,11,273,262,1.4,12,273,262,1.4
00,274,298,4.1,01,274,241,1.9,02,274,249,1.9,03,274,249,1.8,04,274,260,1.8,05,274,260,1.8,06,274,258,1.7,07,274,258,1.6,08,274,258,1.6,09,274,263,1.6,10,274,263,1.5,11,274,263,1.4,12,274,263,1.4
00,275,299,4.1,01,275,242,2,02,275,251,1.9,03,275,251,1.8,04,275,262,1.8,05,275,262,1.8,06,275,259,1.7,07,275,259,1.6,08,275,259,1.6,09,275,264,1.6,10,275,264,1.5,11,275,264,1.5,12,275,264,1.4
00,276,301,4.2,01,276,243,2,02,276,252,1.9,03,276,252,1.8,04,276,263,1.8,05,276,263,1.8,06,276,260,1.7,07,276,260,1.7,08,276,260,1.6,09,276,265,1.6,10,276,265,1.5,11,276,265,1.5,12,276,265,1.4
00,277,302,4.2,01,277,245,2,02,277,253,1.9,03,277,253,1.9,04,277,264,1.8,05,277,264,1.8,06,277,261,1.7,07,277,261,1.7,08,277,261,1.6,09,277,266,1.6,10,277,266,1.5,11,277,266,1.5,12,277,266,1.4
00,278,303,4.3,01,278,246,2.1,02,278,255,2,03,278,255,1.9,04,278,266,1.9,05,278,266,1.8,06,278,262,1.7,07,278,262,1.7,08,278,262,1.6,09,278,267,1.6,10,278,267,1.5,11,278,267,1.5,12,278,267,1.4
00,279,304,4.3,01,279,247,2.1,02,279,256,2,03,279,256,1.9,04,279,267,1.9,05,279,267,1.8,06,279,263,1.7,07,279,263,1.7,08,279,263,1.6,09,279,267,1.6,10,279,267,1.5,11,279,267,1.5,12,279,267,1.4
00,280,305,4.3,01,280,248,2.1,02,280,257,2,03,280,257,1.9,04,280,268,1.9,05,280,268,1.8,06,280,263,1.7,07,280,263,1.7,08,280,263,1.6,09,280,268,1.6,10,280,268,1.5,11,280,268,1.5,12,280,268,1.4
00,281,306,4.4,01,281,249,2.2,02,281,259,2.1,03,281,259,1.9,04,281,270,1.9,05,281,270,1.8,06,281,264,1.7,07,281,264,1.7,08,281,264,1.6,09,281,269,1.6,10,281,269,1.6,11,281,269,1.5,12,281,269,1.4
00,282,307,4.4,01,282,251,2.2,02,282,260,2.1,03,282,260,1.9,04,282,271,1.9,05,282,271,1.8,06,282,265,1.8,07,282,265,1.7,08,282,265,1.6,09,282,270,1.6,10,282,270,1.6,11,282,270,1.5,12,282,270,1.4
00,283,309,4.5,01,283,252,2.3,02,283,262,2.2,03,283,262,1.9,04,283,273,1.9,05,283,273,1.9,06,283,266,1.8,07,283,266,1.7,08,283,266,1.6,09,283,271,1.6,10,283,271,1.6,11,283,271,1.5,12,283,271,1.5
00,284,310,4.5,01,284,253,2.3,02,284,263,2.2,03,284,263,1.9,04,284,274,1.9,05,284,274,1.9,06,284,267,1.8,07,284,267,1.7,08,284,267,1.7,09,284,271,1.6,10,284,271,1.6,11,284,271,1.5,12,284,271,1.5
00,285,311,4.5,01,285,254,2.3,02,285,265,2.3,03,285,265,2,04,285,275,1.9,05,285,275,1.9,06,285,268,1.8,07,285,268,1.7,08,285,268,1.7,09,285,272,1.6,10,285,272,1.6,11,285,272,1.5,12,285,272,1.5
00,286,312,4.5,01,286,255,2.4,02,286,266,2.3,03,286,266,2,04,286,277,1.9,05,286,277,1.9,06,286,269,1.8,07,286,269,1.7,08,286,269,1.7,09,286,273,1.6,10,286,273,1.6,11,286,273,1.5,12,286,273,1.5
00,287,313,4.6,01,287,256,2.4,02,287,267,2.3,03,287,267,2,04,287,278,1.9,05,287,278,1.9,06,287,269,1.8,07,287,269,1.7,08,287,269,1.7,09,287,274,1.7,10,287,274,1.6,11,287,274,1.5,12,287,274,1.5
00,288,314,4.6,01,288,257,2.4,02,288,269,2.4,03,288,269,2.1,04,288,279,2,05,288,279,1.9,06,288,270,1.8,07,288,270,1.7,08,288,270,1.7,09,288,274,1.7,10,288,274,1.6,11,288,274,1.5,12,288,274,1.5
00,289,315,4.6,01,289,258,2.5,02,289,270,2.4,03,289,270,2.1,04,289,280,2,05,289,280,1.9,06,289,271,1.8,07,289,271,1.7,08,289,271,1.7,09,289,275,1.7,10,289,275,1.6,11,289,275,1.5,12,289,275,1.5
00,290,317,4.7,01,290,259,2.5,02,290,271,2.4,03,290,271,2.1,04,290,282,2.1,05,290,282,1.9,06,290,272,1.8,07,290,272,1.7,08,290,272,1.7,09,290,276,1.7,10,290,276,1.6,11,290,276,1.6,12,290,276,1.5
00,291,318,4.7,01,291,260,2.5,02,291,273,2.5,03,291,273,2.2,04,291,283,2.1,05,291,283,1.9,06,291,272,1.8,07,291,272,1.7,08,291,272,1.7,09,291,277,1.7,10,291,277,1.6,11,291,277,1.6,12,291,277,1.5
00,292,319,4.8,01,292,261,2.5,02,292,274,2.5,03,292,274,2.2,04,292,284,2.1,05,292,284,1.9,06,292,273,1.8,07,292,273,1.8,08,292,273,1.7,09,292,278,1.7,10,292,278,1.6,11,292,278,1.6,12,292,278,1.5
00,293,320,4.8,01,293,262,2.6,02,293,275,2.6,03,293,275,2.2,04,293,285,2.2,05,293,285,1.9,06,293,274,1.8,07,293,274,1.8,08,293,274,1.7,09,293,278,1.7,10,293,278,1.6,11,293,278,1.6,12,293,278,1.5
00,294,321,4.8,01,294,262,2.6,02,294,276,2.6,03,294,276,2.3,04,294,287,2.2,05,294,287,2,06,294,275,1.8,07,294,275,1.8,08,294,275,1.7,09,294,279,1.7,10,294,279,1.6,11,294,279,1.6,12,294,279,1.5
00,295,322,4.9,01,295,263,2.6,02,295,277,2.6,03,295,277,2.3,04,295,288,2.3,05,295,288,2,06,295,275,1.8,07,295,275,1.8,08,295,275,1.7,09,295,280,1.7,10,295,280,1.6,11,295,280,1.6,12,295,280,1.5
00,296,323,4.9,01,296,264,2.6,02,296,279,2.7,03,296,279,2.4,04,296,289,2.3,05,296,289,2,06,296,276,1.8,07,296,276,1.8,08,296,276,1.7,09,296,281,1.7,10,296,281,1.7,11,296,281,1.6,12,296,281,1.5
00,297,325,5,01,297,265,2.7,02,297,280,2.7,03,297,280,2.4,04,297,290,2.3,05,297,290,2.1,06,297,277,1.8,07,297,277,1.8,08,297,277,1.7,09,297,282,1.7,10,297,282,1.7,11,297,282,1.6,12,297,282,1.5
00,298,325,5,01,298,266,2.7,02,298,281,2.7,03,298,281,2.4,04,298,291,2.4,05,298,291,2.1,06,298,278,1.9,07,298,278,1.8,08,298,278,1.7,09,298,283,1.7,10,298,283,1.7,11,298,283,1.6,12,298,283,1.6
00,299,326,5,01,299,267,2.7,02,299,282,2.8,03,299,282,2.4,04,299,293,2.4,05,299,293,2.2,06,299,278,1.9,07,299,278,1.8,08,299,278,1.7,09,299,283,1.7,10,299,283,1.7,11,299,283,1.6,12,299,283,1.6
00,300,327,5,01,300,267,2.7,02,300,283,2.8,03,300,283,2.5,04,300,294,2.5,05,300,294,2.2,06,300,279,1.9,07,300,279,1.8,08,300,279,1.8,09,300,284,1.7,10,300,284,1.7,11,300,284,1.6,12,300,284,1.6
00,301,327,5,01,301,268,2.8,02,301,284,2.8,03,301,284,2.5,04,301,295,2.5,05,301,295,2.2,06,301,280,1.9,07,301,280,1.8,08,301,280,1.8,09,301,285,1.7,10,301,285,1.7,11,301,285,1.6,12,301,285,1.6
00,302,328,5.1,01,302,269,2.8,02,302,285,2.8,03,302,285,2.5,04,302,296,2.5,05,302,296,2.3,06,302,281,1.9,07,302,281,1.8,08,302,281,1.8,09,302,286,1.8,10,302,286,1.7,11,302,286,1.6,12,302,286,1.6
00,303,328,5.1,01,303,270,2.8,02,303,286,2.9,03,303,286,2.6,04,303,297,2.6,05,303,297,2.3,06,303,281,1.9,07,303,281,1.8,08,303,281,1.8,09,303,287,1.8,10,303,287,1.7,11,303,287,1.6,12,303,287,1.6
00,304,329,5.1,01,304,271,2.9,02,304,287,2.9,03,304,287,2.6,04,304,298,2.6,05,304,298,2.3,06,304,282,1.9,07,304,282,1.8,08,304,282,1.8,09,304,288,1.8,10,304,288,1.7,11,304,288,1.6,12,304,288,1.6
00,305,329,5.1,01,305,272,2.9,02,305,288,2.9,03,305,288,2.6,04,305,300,2.7,05,305,300,2.4,06,305,283,1.9,07,305,283,1.8,08,305,283,1.8,09,305,289,1.8,10,305,289,1.7,11,305,289,1.7,12,305,289,1.6
00,306,330,5.2,01,306,273,2.9,02,306,289,3,03,306,289,2.6,04,306,301,2.7,05,306,301,2.4,06,306,284,1.9,07,306,284,1.8,08,306,284,1.8,09,306,289,1.8,10,306,289,1.7,11,306,289,1.7,12,306,289,1.6
00,307,331,5.2,01,307,273,2.9,02,307,290,3,03,307,290,2.7,04,307,302,2.7,05,307,302,2.5,06,307,284,1.9,07,307,284,1.8,08,307,284,1.8,09,307,290,1.8,10,307,290,1.7,11,307,290,1.7,12,307,290,1.6
00,308,331,5.2,01,308,274,3,02,308,291,3,03,308,291,2.7,04,308,303,2.8,05,308,303,2.5,06,308,285,1.9,07,308,285,1.8,08,308,285,1.8,09,308,291,1.8,10,308,291,1.7,11,308,291,1.7,12,308,291,1.6
00,309,332,5.2,01,309,275,3,02,309,292,3,03,309,292,2.7,04,309,304,2.8,05,309,304,2.5,06,309,286,1.9,07,309,286,1.9,08,309,286,1.8,09,309,292,1.8,10,309,292,1.7,11,309,292,1.7,12,309,292,1.6
00,310,332,5.2,01,310,276,3,02,310,293,3.1,03,310,293,2.8,04,310,305,2.8,05,310,305,2.6,06,310,287,1.9,07,310,287,1.9,08,310,287,1.8,09,310,293,1.8,10,310,293,1.7,11,310,293,1.7,12,310,293,1.6
00,311,333,5.3,01,311,277,3,02,311,294,3.1,03,311,294,2.8,04,311,307,2.9,05,311,307,2.6,06,311,287,1.9,07,311,287,1.9,08,311,287,1.8,09,311,293,1.8,10,311,293,1.7,11,311,293,1.7,12,311,293,1.6
00,312,333,5.3,01,312,278,3,02,312,295,3.1,03,312,295,2.8,04,312,308,2.9,05,312,308,2.7,06,312,288,1.9,07,312,288,1.9,08,312,288,1.8,09,312,294,1.8,10,312,294,1.8,11,312,294,1.7,12,312,294,1.6
00,313,333,5.3,01,313,279,3.1,02,313,296,3.1,03,313,296,2.8,04,313,309,3,05,313,309,2.7,06,313,289,1.9,07,313,289,1.9,08,313,289,1.8,09,313,295,1.8,10,313,295,1.8,11,313,295,1.7,12,313,295,1.7
00,314,333,5.3,01,314,279,3.1,02,314,297,3.2,03,314,297,2.9,04,314,310,3,05,314,310,2.7,06,314,290,1.9,07,314,290,1.9,08,314,290,1.8,09,314,296,1.8,10,314,296,1.8,11,314,296,1.7,12,314,296,1.7
00,315,333,5.3,01,315,280,3.1,02,315,298,3.2,03,315,298,2.9,04,315,311,3,05,315,311,2.8,06,315,291,2,07,315,291,1.9,08,315,291,1.8,09,315,297,1.8,10,315,297,1.8,11,315,297,1.7,12,315,297,1.7
00,316,333,5.3,01,316,281,3.1,02,316,298,3.2,03,316,298,2.9,04,316,312,3,05,316,312,2.8,06,316,292,2,07,316,292,1.9,08,316,292,1.9,09,316,298,1.8,10,316,298,1.8,11,316,298,1.7,12,316,298,1.7
00,317,333,5.3,01,317,282,3.1,02,317,299,3.2,03,317,299,2.9,04,317,314,3.1,05,317,314,2.9,06,317,292,2,07,317,292,1.9,08,317,292,1.9,09,317,298,1.8,10,317,298,1.8,11,317,298,1.7,12,317,298,1.7
00,318,333,5.3,01,318,283,3.2,02,318,300,3.2,03,318,300,3,04,318,315,3.1,05,318,315,2.9,06,318,293,2,07,318,293,1.9,08,318,293,1.9,09,318,299,1.9,10,318,299,1.8,11,318,299,1.7,12,318,299,1.7
00,319,333,5.3,01,319,284,3.2,02,319,301,3.3,03,319,301,3,04,319,316,3.1,05,319,316,2.9,06,319,294,2,07,319,294,1.9,08,319,294,1.9,09,319,300,1.9,10,319,300,1.8,11,319,300,1.7,12,319,300,1.7
00,320,333,5.3,01,320,284,3.2,02,320,302,3.3,03,320,302,3,04,320,317,3.1,05,320,317,3,06,320,295,2.1,07,320,295,1.9,08,320,295,1.9,09,320,301,1.9,10,320,301,1.8,11,320,301,1.8,12,320,301,1.7
00,321,333,5.3,01,321,285,3.2,02,321,303,3.3,03,321,303,3,04,321,318,3.2,05,321,318,3,06,321,296,2.1,07,321,296,1.9,08,321,296,1.9,09,321,302,1.9,10,321,302,1.8,11,321,302,1.8,12,321,302,1.7
00,322,333,5.3,01,322,286,3.2,02,322,303,3.3,03,322,303,3,04,322,319,3.2,05,322,319,3,06,322,297,2.1,07,322,297,1.9,08,322,297,1.9,09,322,302,1.9,10,322,302,1.8,11,322,302,1.8,12,322,302,1.7
00,323,333,5.3,01,323,286,3.2,02,323,304,3.3,03,323,304,3.1,04,323,320,3.2,05,323,320,3,06,323,298,2.2,07,323,298,2,08,323,298,1.9,09,323,303,1.9,10,323,303,1.8,11,323,303,1.8,12,323,303,1.7
00,324,333,5.3,01,324,287,3.3,02,324,305,3.4,03,324,305,3.1,04,324,321,3.2,05,324,321,3,06,324,299,2.2,07,324,299,2,08,324,299,1.9,09,324,304,1.9,10,324,304,1.8,11,324,304,1.8,12,324,304,1.7
00,325,333,5.3,01,325,288,3.3,02,325,306,3.4,03,325,306,3.1,04,325,322,3.3,05,325,322,3.1,06,325,300,2.2,07,325,300,2,08,325,300,1.9,09,325,305,1.9,10,325,305,1.8,11,325,305,1.8,12,325,305,1.7
00,326,333,5.3,01,326,288,3.3,02,326,307,3.4,03,326,307,3.1,04,326,324,3.3,05,326,324,3.1,06,326,301,2.3,07,326,301,2,08,326,301,1.9,09,326,306,1.9,10,326,306,1.9,11,326,306,1.8,12,326,306,1.7
00,327,333,5.3,01,327,289,3.3,02,327,307,3.4,03,327,307,3.1,04,327,325,3.3,05,327,325,3.1,06,327,301,2.3,07,327,301,2,08,327,301,1.9,09,327,307,1.9,10,327,307,1.9,11,327,307,1.8,12,327,307,1.8
00,328,333,5.3,01,328,290,3.3,02,328,308,3.4,03,328,308,3.2,04,328,326,3.4,05,328,326,3.2,06,328,302,2.3,07,328,302,2.1,08,328,302,1.9,09,328,307,1.9,10,328,307,1.9,11,328,307,1.8,12,328,307,1.8
00,329,333,5.3,01,329,290,3.3,02,329,309,3.5,03,329,309,3.2,04,329,327,3.4,05,329,327,3.2,06,329,303,2.3,07,329,303,2.1,08,329,303,1.9,09,329,308,1.9,10,329,308,1.9,11,329,308,1.8,12,329,308,1.8
00,330,333,5.3,01,330,291,3.4,02,330,310,3.5,03,330,310,3.2,04,330,327,3.4,05,330,327,3.2,06,330,304,2.3,07,330,304,2.1,08,330,304,2,09,330,309,1.9,10,330,309,1.9,11,330,309,1.8,12,330,309,1.8
00,331,333,5.3,01,331,291,3.4,02,331,310,3.5,03,331,310,3.2,04,331,328,3.4,05,331,328,3.2,06,331,305,2.4,07,331,305,2.2,08,331,305,2,09,331,310,1.9,10,331,310,1.9,11,331,310,1.8,12,331,310,1.8
00,332,333,5.3,01,332,292,3.4,02,332,311,3.5,03,332,311,3.2,04,332,329,3.4,05,332,329,3.2,06,332,306,2.4,07,332,306,2.2,08,332,306,2,09,332,311,2,10,332,311,1.9,11,332,311,1.8,12,332,311,1.8
00,333,333,5.3,01,333,293,3.4,02,333,312,3.5,03,333,312,3.3,04,333,330,3.5,05,333,330,3.3,06,333,307,2.4,07,333,307,2.2,08,333,307,2,09,333,311,2,10,333,311,1.9,11,333,311,1.8,12,333,311,1.8
00,334,333,5.3,01,334,293,3.4,02,334,312,3.5,03,334,312,3.3,04,334,331,3.5,05,334,331,3.3,06,334,308,2.5,07,334,308,2.3,08,334,308,2.1,09,334,312,2,10,334,312,1.9,11,334,312,1.8,12,334,312,1.8
00,335,333,5.3,01,335,294,3.4,02,335,313,3.6,03,335,313,3.3,04,335,332,3.5,05,335,332,3.3,06,335,309,2.5,07,335,309,2.3,08,335,309,2.1,09,335,313,2,10,335,313,1.9,11,335,313,1.9,12,335,313,1.8
00,336,333,5.3,01,336,294,3.4,02,336,314,3.6,03,336,314,3.3,04,336,333,3.5,05,336,333,3.3,06,336,310,2.5,07,336,310,2.3,08,336,310,2.1,09,336,314,2,10,336,314,1.9,11,336,314,1.9,12,336,314,1.8
00,337,333,5.3,01,337,295,3.5,02,337,315,3.6,03,337,315,3.3,04,337,334,3.6,05,337,334,3.4,06,337,311,2.6,07,337,311,2.3,08,337,311,2.2,09,337,315,2.1,10,337,315,1.9,11,337,315,1.9,12,337,315,1.8
00,338,333,5.3,01,338,296,3.5,02,338,315,3.6,03,338,315,3.3,04,338,335,3.6,05,338,335,3.4,06,338,312,2.6,07,338,312,2.4,08,338,312,2.2,09,338,316,2.1,10,338,316,1.9,11,338,316,1.9,12,338,316,1.8
00,339,333,5.3,01,339,296,3.5,02,339,316,3.6,03,339,316,3.4,04,339,335,3.6,05,339,335,3.4,06,339,313,2.6,07,339,313,2.4,08,339,313,2.2,09,339,316,2.1,10,339,316,1.9,11,339,316,1.9,12,339,316,1.8
00,340,333,5.3,01,340,297,3.5,02,340,317,3.7,03,340,317,3.4,04,340,336,3.6,05,340,336,3.4,06,340,314,2.6,07,340,314,2.4,08,340,314,2.3,09,340,317,2.1,10,340,317,1.9,11,340,317,1.9,12,340,317,1.8
00,341,333,5.3,01,341,297,3.5,02,341,317,3.7,03,341,317,3.4,04,341,337,3.6,05,341,337,3.4,06,341,315,2.7,07,341,315,2.5,08,341,315,2.3,09,341,318,2.2,10,341,318,2,11,341,318,1.9,12,341,318,1.8
00,342,333,5.3,01,342,298,3.5,02,342,318,3.7,03,342,318,3.4,04,342,338,3.7,05,342,338,3.5,06,342,316,2.7,07,342,316,2.5,08,342,316,2.3,09,342,319,2.2,10,342,319,2,11,342,319,1.9,12,342,319,1.9
00,343,333,5.3,01,343,299,3.6,02,343,319,3.7,03,343,319,3.4,04,343,339,3.7,05,343,339,3.5,06,343,317,2.7,07,343,317,2.5,08,343,317,2.3,09,343,320,2.2,10,343,320,2,11,343,320,1.9,12,343,320,1.9
00,344,333,5.3,01,344,299,3.6,02,344,320,3.7,03,344,320,3.5,04,344,339,3.7,05,344,339,3.5,06,344,318,2.8,07,344,318,2.6,08,344,318,2.4,09,344,321,2.3,10,344,321,2,11,344,321,1.9,12,344,321,1.9
00,345,333,5.3,01,345,300,3.6,02,345,320,3.7,03,345,320,3.5,04,345,340,3.7,05,345,340,3.5,06,345,319,2.8,07,345,319,2.6,08,345,319,2.4,09,345,321,2.3,10,345,321,2,11,345,321,1.9,12,345,321,1.9
00,346,333,5.3,01,346,301,3.6,02,346,321,3.8,03,346,321,3.5,04,346,341,3.7,05,346,341,3.5,06,346,320,2.8,07,346,320,2.6,08,346,320,2.4,09,346,322,2.3,10,346,322,2.1,11,346,322,1.9,12,346,322,1.9
00,347,333,5.3,01,347,301,3.6,02,347,322,3.8,03,347,322,3.5,04,347,342,3.8,05,347,342,3.6,06,347,320,2.8,07,347,320,2.6,08,347,320,2.4,09,347,323,2.3,10,347,323,2.1,11,347,323,1.9,12,347,323,1.9
00,348,333,5.3,01,348,302,3.6,02,348,322,3.8,03,348,322,3.5,04,348,342,3.8,05,348,342,3.6,06,348,321,2.9,07,348,321,2.6,08,348,321,2.5,09,348,324,2.3,10,348,324,2.1,11,348,324,1.9,12,348,324,1.9
00,349,333,5.3,01,349,303,3.7,02,349,323,3.8,03,349,323,3.5,04,349,343,3.8,05,349,343,3.6,06,349,322,2.9,07,349,322,2.7,08,349,322,2.5,09,349,325,2.4,10,349,325,2.2,11,349,325,2,12,349,325,1.9
00,350,333,5.3,01,350,303,3.7,02,350,324,3.8,03,350,324,3.6,04,350,344,3.8,05,350,344,3.6,06,350,323,2.9,07,350,323,2.7,08,350,323,2.5,09,350,326,2.4,10,350,326,2.2,11,350,326,2,12,350,326,1.9
00,351,333,5.3,01,351,304,3.7,02,351,324,3.8,03,351,324,3.6,04,351,344,3.8,05,351,344,3.6,06,351,324,3,07,351,324,2.7,08,351,324,2.6,09,351,326,2.4,10,351,326,2.2,11,351,326,2,12,351,326,1.9
00,352,333,5.3,01,352,305,3.7,02,352,325,3.9,03,352,325,3.6,04,352,345,3.8,05,352,345,3.6,06,352,325,3,07,352,325,2.8,08,352,325,2.6,09,352,327,2.4,10,352,327,2.2,11,352,327,2,12,352,327,1.9
00,353,333,5.3,01,353,306,3.7,02,353,326,3.9,03,353,326,3.6,04,353,346,3.9,05,353,346,3.7,06,353,326,3,07,353,326,2.8,08,353,326,2.6,09,353,328,2.5,10,353,328,2.3,11,353,328,2,12,353,328,1.9
00,354,333,5.3,01,354,307,3.8,02,354,326,3.9,03,354,326,3.6,04,354,347,3.9,05,354,347,3.7,06,354,326,3,07,354,326,2.8,08,354,326,2.6,09,354,329,2.5,10,354,329,2.3,11,354,329,2.1,12,354,329,1.9
00,355,333,5.3,01,355,308,3.8,02,355,327,3.9,03,355,327,3.6,04,355,347,3.9,05,355,347,3.7,06,355,327,3,07,355,327,2.8,08,355,327,2.6,09,355,330,2.5,10,355,330,2.3,11,355,330,2.1,12,355,330,1.9
00,356,333,5.3,01,356,309,3.8,02,356,328,3.9,03,356,328,3.7,04,356,348,3.9,05,356,348,3.7,06,356,328,3,07,356,328,2.9,08,356,328,2.7,09,356,330,2.5,10,356,330,2.3,11,356,330,2.1,12,356,330,1.9
00,357,333,5.3,01,357,310,3.8,02,357,329,4,03,357,329,3.7,04,357,349,3.9,05,357,349,3.7,06,357,329,3.1,07,357,329,2.9,08,357,329,2.7,09,357,331,2.6,10,357,331,2.4,11,357,331,2.1,12,357,331,2
00,358,333,5.3,01,358,311,3.9,02,358,329,4,03,358,329,3.7,04,358,349,3.9,05,358,349,3.7,06,358,330,3.1,07,358,330,2.9,08,358,330,2.7,09,358,332,2.6,10,358,332,2.4,11,358,332,2.2,12,358,332,2
00,359,333,5.3,01,359,312,3.9,02,359,330,4,03,359,330,3.7,04,359,350,4,05,359,350,3.8,06,359,330,3.1,07,359,330,2.9,08,359,330,2.7,09,359,333,2.6,10,359,333,2.4,11,359,333,2.2,12,359,333,2
00,360,333,5.3,01,360,313,3.9,02,360,331,4,03,360,331,3.7,04,360,351,4,05,360,351,3.8,06,360,331,3.1,07,360,331,3,08,360,331,2.8,09,360,334,2.6,10,360,334,2.5,11,360,334,2.2,12,360,334,2
00,361,333,5.3,01,361,314,3.9,02,361,331,4,03,361,331,3.7,04,361,351,4,05,361,351,3.8,06,361,332,3.1,07,361,332,3,08,361,332,2.8,09,361,334,2.6,10,361,334,2.5,11,361,334,2.2,12,361,334,2
00,362,333,5.3,01,362,315,4,02,362,332,4.1,03,362,332,3.8,04,362,352,4,05,362,352,3.8,06,362,333,3.2,07,362,333,3,08,362,333,2.8,09,362,335,2.7,10,362,335,2.5,11,362,335,2.3,12,362,335,2.1
00,363,333,5.3,01,363,316,4,02,363,333,4.1,03,363,333,3.8,04,363,353,4,05,363,353,3.8,06,363,333,3.2,07,363,333,3,08,363,333,2.8,09,363,336,2.7,10,363,336,2.5,11,363,336,2.3,12,363,336,2.1
00,364,333,5.3,01,364,318,4.1,02,364,334,4.1,03,364,334,3.8,04,364,354,4.1,05,364,354,3.9,06,364,334,3.2,07,364,334,3,08,364,334,2.9,09,364,337,2.7,10,364,337,2.5,11,364,337,2.3,12,364,337,2.1
00,365,333,5.3,01,365,319,4.1,02,365,334,4.1,03,365,334,3.8,04,365,354,4.1,05,365,354,3.9,06,365,335,3.2,07,365,335,3,08,365,335,2.9,09,365,337,2.7,10,365,337,2.5,11,365,337,2.3,12,365,337,2.1
00,366,333,5.3,01,366,320,4.1,02,366,335,4.2,03,366,335,3.8,04,366,355,4.1,05,366,355,3.9,06,366,335,3.2,07,366,335,3,08,366,335,2.9,09,366,338,2.8,10,366,338,2.6,11,366,338,2.4,12,366,338,2.2
00,367,333,5.3,01,367,321,4.2,02,367,336,4.2,03,367,336,3.9,04,367,356,4.1,05,367,356,3.9,06,367,336,3.2,07,367,336,3.1,08,367,336,2.9,09,367,339,2.8,10,367,339,2.6,11,367,339,2.4,12,367,339,2.2
00,368,333,5.3,01,368,322,4.2,02,368,336,4.2,03,368,336,3.9,04,368,356,4.1,05,368,356,3.9,06,368,337,3.3,07,368,337,3.1,08,368,337,3,09,368,340,2.8,10,368,340,2.6,11,368,340,2.4,12,368,340,2.2
00,369,333,5.3,01,369,324,4.3,02,369,337,4.2,03,369,337,3.9,04,369,357,4.2,05,369,357,3.9,06,369,337,3.3,07,369,337,3.1,08,369,337,3,09,369,340,2.8,10,369,340,2.6,11,369,340,2.4,12,369,340,2.2
00,370,333,5.3,01,370,325,4.3,02,370,338,4.3,03,370,338,3.9,04,370,358,4.2,05,370,358,4,06,370,338,3.3,07,370,338,3.1,08,370,338,3,09,370,341,2.9,10,370,341,2.7,11,370,341,2.5,12,370,341,2.3
00,371,333,5.3,01,371,326,4.3,02,371,339,4.3,03,371,339,3.9,04,371,359,4.2,05,371,359,4,06,371,339,3.3,07,371,339,3.1,08,371,339,3,09,371,342,2.9,10,371,342,2.7,11,371,342,2.5,12,371,342,2.3
00,372,333,5.3,01,372,327,4.4,02,372,339,4.3,03,372,339,3.9,04,372,359,4.2,05,372,359,4,06,372,339,3.3,07,372,339,3.1,08,372,339,3,09,372,343,2.9,10,372,343,2.7,11,372,343,2.5,12,372,343,2.3
00,373,333,5.3,01,373,329,4.4,02,373,340,4.3,03,373,340,4,04,373,360,4.3,05,373,360,4,06,373,340,3.3,07,373,340,3.2,08,373,340,3,09,373,343,2.9,10,373,343,2.7,11,373,343,2.5,12,373,343,2.3
00,374,333,5.3,01,374,330,4.5,02,374,341,4.4,03,374,341,4,04,374,361,4.3,05,374,361,4,06,374,341,3.4,07,374,341,3.2,08,374,341,3,09,374,344,3,10,374,344,2.8,11,374,344,2.6,12,374,344,2.4
00,375,333,5.3,01,375,331,4.5,02,375,341,4.4,03,375,341,4,04,375,361,4.3,05,375,361,4,06,375,341,3.4,07,375,341,3.2,08,375,341,3,09,375,345,3,10,375,345,2.8,11,375,345,2.6,12,375,345,2.4
00,376,333,5.3,01,376,332,4.5,02,376,342,4.4,03,376,342,4,04,376,362,4.3,05,376,362,4.1,06,376,342,3.4,07,376,342,3.2,08,376,342,3.1,09,376,345,3,10,376,345,2.8,11,376,345,2.6,12,376,345,2.4
00,377,333,5.3,01,377,333,4.6,02,377,343,4.4,03,377,343,4,04,377,363,4.4,05,377,363,4.1,06,377,342,3.4,07,377,342,3.2,08,377,342,3.1,09,377,346,3,10,377,346,2.8,11,377,346,2.6,12,377,346,2.4
00,378,333,5.3,01,378,334,4.6,02,378,344,4.5,03,378,344,4.1,04,378,364,4.4,05,378,364,4.1,06,378,343,3.4,07,378,343,3.2,08,378,343,3.1,09,378,347,3,10,378,347,2.9,11,378,347,2.7,12,378,347,2.5
00,379,333,5.3,01,379,335,4.6,02,379,344,4.5,03,379,344,4.1,04,379,364,4.4,05,379,364,4.1,06,379,344,3.4,07,379,344,3.3,08,379,344,3.1,09,379,347,3,10,379,347,2.9,11,379,347,2.7,12,379,347,2.5
00,380,333,5.3,01,380,336,4.7,02,380,345,4.5,03,380,345,4.1,04,380,365,4.4,05,380,365,4.2,06,380,344,3.4,07,380,344,3.3,08,380,344,3.1,09,380,348,3,10,380,348,2.9,11,380,348,2.7,12,380,348,2.5
00,381,333,5.3,01,381,337,4.7,02,381,346,4.5,03,381,346,4.1,04,381,366,4.5,05,381,366,4.2,06,381,345,3.5,07,381,345,3.3,08,381,345,3.1,09,381,349,3.1,10,381,349,2.9,11,381,349,2.7,12,381,349,2.5
00,382,333,5.3,01,382,338,4.7,02,382,346,4.5,03,382,346,4.1,04,382,367,4.5,05,382,367,4.2,06,382,346,3.5,07,382,346,3.3,08,382,346,3.2,09,382,349,3.1,10,382,349,2.9,11,382,349,2.7,12,382,349,2.5
00,383,333,5.3,01,383,339,4.8,02,383,347,4.6,03,383,347,4.2,04,383,367,4.5,05,383,367,4.2,06,383,346,3.5,07,383,346,3.3,08,383,346,3.2,09,383,350,3.1,10,383,350,3,11,383,350,2.8,12,383,350,2.6
00,384,333,5.3,01,384,340,4.8,02,384,348,4.6,03,384,348,4.2,04,384,368,4.5,05,384,368,4.3,06,384,347,3.5,07,384,347,3.3,08,384,347,3.2,09,384,351,3.1,10,384,351,3,11,384,351,2.8,12,384,351,2.6
00,385,333,5.3,01,385,341,4.8,02,385,349,4.6,03,385,349,4.2,04,385,369,4.5,05,385,369,4.3,06,385,348,3.5,07,385,348,3.4,08,385,348,3.2,09,385,351,3.1,10,385,351,3,11,385,351,2.8,12,385,351,2.6
00,386,333,5.3,01,386,342,4.9,02,386,350,4.7,03,386,350,4.3,04,386,370,4.6,05,386,370,4.3,06,386,349,3.6,07,386,349,3.4,08,386,349,3.2,09,386,352,3.1,10,386,352,3,11,386,352,2.8,12,386,352,2.6
00,387,333,5.3,01,387,343,4.9,02,387,350,4.7,03,387,350,4.3,04,387,371,4.6,05,387,371,4.4,06,387,349,3.6,07,387,349,3.4,08,387,349,3.2,09,387,353,3.2,10,387,353,3,11,387,353,2.9,12,387,353,2.7
00,388,333,5.3,01,388,344,5,02,388,351,4.7,03,388,351,4.3,04,388,371,4.6,05,388,371,4.4,06,388,350,3.6,07,388,350,3.4,08,388,350,3.3,09,388,353,3.2,10,388,353,3,11,388,353,2.9,12,388,353,2.7
00,389,333,5.3,01,389,345,5,02,389,352,4.7,03,389,352,4.3,04,389,372,4.6,05,389,372,4.4,06,389,351,3.6,07,389,351,3.4,08,389,351,3.3,09,389,354,3.2,10,389,354,3,11,389,354,2.9,12,389,354,2.7
00,390,333,5.3,01,390,345,5,02,390,353,4.8,03,390,353,4.4,04,390,373,4.7,05,390,373,4.4,06,390,351,3.6,07,390,351,3.4,08,390,351,3.3,09,390,355,3.2,10,390,355,3.1,11,390,355,2.9,12,390,355,2.7
00,391,333,5.3,01,391,346,5,02,391,354,4.8,03,391,354,4.4,04,391,374,4.7,05,391,374,4.5,06,391,352,3.6,07,391,352,3.5,08,391,352,3.3,09,391,355,3.2,10,391,355,3.1,11,391,355,2.9,12,391,355,2.7
00,392,333,5.3,01,392,347,5.1,02,392,354,4.8,03,392,354,4.4,04,392,375,4.7,05,392,375,4.5,06,392,353,3.7,07,392,353,3.5,08,392,353,3.3,09,392,356,3.2,10,392,356,3.1,11,392,356,3,12,392,356,2.8
00,393,333,5.3,01,393,348,5.1,02,393,355,4.8,03,393,355,4.4,04,393,375,4.7,05,393,375,4.5,06,393,354,3.7,07,393,354,3.5,08,393,354,3.4,09,393,357,3.3,10,393,357,3.1,11,393,357,3,12,393,357,2.8
00,394,333,5.3,01,394,349,5.2,02,394,356,4.9,03,394,356,4.5,04,394,376,4.8,05,394,376,4.5,06,394,354,3.7,07,394,354,3.5,08,394,354,3.4,09,394,357,3.3,10,394,357,3.1,11,394,357,3,12,394,357,2.8
00,395,333,5.3,01,395,350,5.2,02,395,357,4.9,03,395,357,4.5,04,395,377,4.8,05,395,377,4.5,06,395,355,3.7,07,395,355,3.5,08,395,355,3.4,09,395,358,3.3,10,395,358,3.1,11,395,358,3,12,395,358,2.8
00,396,333,5.3,01,396,351,5.2,02,396,358,4.9,03,396,358,4.5,04,396,378,4.8,05,396,378,4.6,06,396,356,3.7,07,396,356,3.6,08,396,356,3.4,09,396,358,3.3,10,396,358,3.1,11,396,358,3,12,396,358,2.8
00,397,333,5.3,01,397,352,5.3,02,397,358,4.9,03,397,358,4.5,04,397,378,4.8,05,397,378,4.6,06,397,357,3.8,07,397,357,3.6,08,397,357,3.4,09,397,359,3.3,10,397,359,3.2,11,397,359,3,12,397,359,2.9
00,398,333,5.3,01,398,353,5.3,02,398,359,5,03,398,359,4.6,04,398,379,4.9,05,398,379,4.6,06,398,357,3.8,07,398,357,3.6,08,398,357,3.4,09,398,360,3.3,10,398,360,3.2,11,398,360,3,12,398,360,2.9
00,399,333,5.3,01,399,354,5.4,02,399,360,5,03,399,360,4.6,04,399,380,4.9,05,399,380,4.6,06,399,358,3.8,07,399,358,3.6,08,399,358,3.5,09,399,360,3.3,10,399,360,3.2,11,399,360,3,12,399,360,2.9
00,400,333,5.3,01,400,356,5.5,02,400,361,5,03,400,361,4.6,04,400,381,4.9,05,400,381,4.7,06,400,359,3.8,07,400,359,3.6,08,400,359,3.5,09,400,361,3.4,10,400,361,3.2,11,400,361,3.1,12,400,361,2.9
00,401,333,5.3,01,401,357,5.5,02,401,361,5,03,401,361,4.6,04,401,382,5,05,401,382,4.7,06,401,360,3.8,07,401,360,3.7,08,401,360,3.5,09,401,362,3.4,10,401,362,3.2,11,401,362,3.1,12,401,362,3
00,402,333,5.3,01,402,358,5.5,02,402,362,5.1,03,402,362,4.7,04,402,382,5,05,402,382,4.7,06,402,360,3.8,07,402,360,3.7,08,402,360,3.5,09,402,362,3.4,10,402,362,3.2,11,402,362,3.1,12,402,362,3
00,403,333,5.3,01,403,359,5.6,02,403,363,5.1,03,403,363,4.7,04,403,383,5,05,403,383,4.7,06,403,361,3.9,07,403,361,3.7,08,403,361,3.5,09,403,363,3.4,10,403,363,3.3,11,403,363,3.1,12,403,363,3
00,404,333,5.3,01,404,360,5.6,02,404,363,5.1,03,404,363,4.7,04,404,384,5,05,404,384,4.8,06,404,362,3.9,07,404,362,3.7,08,404,362,3.6,09,404,364,3.4,10,404,364,3.3,11,404,364,3.1,12,404,364,3
00,405,333,5.3,01,405,361,5.7,02,405,364,5.2,03,405,364,4.7,04,405,385,5.1,05,405,385,4.8,06,405,363,3.9,07,405,363,3.7,08,405,363,3.6,09,405,364,3.4,10,405,364,3.3,11,405,364,3.1,12,405,364,3
00,406,333,5.3,01,406,363,5.7,02,406,365,5.2,03,406,365,4.8,04,406,385,5.1,05,406,385,4.8,06,406,364,3.9,07,406,364,3.8,08,406,364,3.6,09,406,365,3.5,10,406,365,3.3,11,406,365,3.2,12,406,365,3
00,407,333,5.3,01,407,364,5.8,02,407,365,5.2,03,407,365,4.8,04,407,386,5.1,05,407,386,4.8,06,407,364,3.9,07,407,364,3.8,08,407,364,3.6,09,407,366,3.5,10,407,366,3.3,11,407,366,3.2,12,407,366,3.1
00,408,333,5.3,01,408,365,5.8,02,408,366,5.2,03,408,366,4.8,04,408,387,5.2,05,408,387,4.9,06,408,365,4,07,408,365,3.8,08,408,365,3.6,09,408,366,3.5,10,408,366,3.3,11,408,366,3.2,12,408,366,3.1
00,409,333,5.3,01,409,366,5.9,02,409,367,5.3,03,409,367,4.8,04,409,387,5.2,05,409,387,4.9,06,409,366,4,07,409,366,3.8,08,409,366,3.7,09,409,367,3.5,10,409,367,3.4,11,409,367,3.2,12,409,367,3.1
00,410,333,5.3,01,410,367,5.9,02,410,367,5.3,03,410,367,4.8,04,410,388,5.2,05,410,388,4.9,06,410,367,4,07,410,367,3.8,08,410,367,3.7,09,410,367,3.5,10,410,367,3.4,11,410,367,3.2,12,410,367,3.1
00,411,333,5.3,01,411,368,6,02,411,368,5.3,03,411,368,4.9,04,411,389,5.2,05,411,389,4.9,06,411,367,4,07,411,367,3.8,08,411,367,3.7,09,411,368,3.5,10,411,368,3.4,11,411,368,3.2,12,411,368,3.1
00,412,333,5.3,01,412,370,6,02,412,369,5.4,03,412,369,4.9,04,412,390,5.3,05,412,390,5,06,412,368,4,07,412,368,3.9,08,412,368,3.7,09,412,369,3.6,10,412,369,3.4,11,412,369,3.3,12,412,369,3.1
00,413,333,5.3,01,413,371,6,02,413,369,5.4,03,413,369,4.9,04,413,390,5.3,05,413,390,5,06,413,369,4.1,07,413,369,3.9,08,413,369,3.7,09,413,369,3.6,10,413,369,3.4,11,413,369,3.3,12,413,369,3.1
00,414,333,5.3,01,414,372,6,02,414,370,5.4,03,414,370,4.9,04,414,391,5.3,05,414,391,5,06,414,370,4.1,07,414,370,3.9,08,414,370,3.8,09,414,370,3.6,10,414,370,3.4,11,414,370,3.3,12,414,370,3.2
00,415,333,5.3,01,415,373,6,02,415,371,5.5,03,415,371,5,04,415,392,5.4,05,415,392,5,06,415,370,4.1,07,415,370,3.9,08,415,370,3.8,09,415,371,3.6,10,415,371,3.5,11,415,371,3.3,12,415,371,3.2
00,416,333,5.3,01,416,374,6,02,416,371,5.5,03,416,371,5,04,416,393,5.4,05,416,393,5.1,06,416,371,4.1,07,416,371,3.9,08,416,371,3.8,09,416,371,3.6,10,416,371,3.5,11,416,371,3.3,12,416,371,3.2
00,417,333,5.3,01,417,375,6,02,417,372,5.5,03,417,372,5,04,417,393,5.4,05,417,393,5.1,06,417,372,4.2,07,417,372,4,08,417,372,3.8,09,417,372,3.6,10,417,372,3.5,11,417,372,3.3,12,417,372,3.2
00,418,333,5.3,01,418,377,6,02,418,373,5.5,03,418,373,5,04,418,394,5.5,05,418,394,5.1,06,418,373,4.2,07,418,373,4,08,418,373,3.8,09,418,373,3.7,10,418,373,3.5,11,418,373,3.4,12,418,373,3.2
00,419,333,5.3,01,419,378,6,02,419,373,5.5,03,419,373,5,04,419,395,5.5,05,419,395,5.2,06,419,373,4.2,07,419,373,4,08,419,373,3.8,09,419,373,3.7,10,419,373,3.5,11,419,373,3.4,12,419,373,3.2
00,420,333,5.3,01,420,379,6,02,420,374,5.6,03,420,374,5.1,04,420,396,5.5,05,420,396,5.2,06,420,374,4.2,07,420,374,4,08,420,374,3.9,09,420,374,3.7,10,420,374,3.5,11,420,374,3.4,12,420,374,3.3
00,421,333,5.3,01,421,380,6,02,421,375,5.6,03,421,375,5.1,04,421,396,5.5,05,421,396,5.2,06,421,375,4.2,07,421,375,4,08,421,375,3.9,09,421,375,3.7,10,421,375,3.6,11,421,375,3.4,12,421,375,3.3
00,422,333,5.3,01,422,381,6,02,422,375,5.6,03,422,375,5.1,04,422,397,5.6,05,422,397,5.2,06,422,376,4.3,07,422,376,4.1,08,422,376,3.9,09,422,376,3.7,10,422,376,3.6,11,422,376,3.4,12,422,376,3.3
00,423,333,5.3,01,423,382,6,02,423,376,5.7,03,423,376,5.2,04,423,398,5.6,05,423,398,5.3,06,423,376,4.3,07,423,376,4.1,08,423,376,3.9,09,423,376,3.7,10,423,376,3.6,11,423,376,3.4,12,423,376,3.3
00,424,333,5.3,01,424,384,6,02,424,377,5.7,03,424,377,5.2,04,424,399,5.7,05,424,399,5.3,06,424,377,4.3,07,424,377,4.1,08,424,377,3.9,09,424,377,3.8,10,424,377,3.6,11,424,377,3.5,12,424,377,3.3
00,425,333,5.3,01,425,385,6,02,425,378,5.7,03,425,378,5.2,04,425,399,5.7,05,425,399,5.3,06,425,378,4.3,07,425,378,4.1,08,425,378,4,09,425,378,3.8,10,425,378,3.6,11,425,378,3.5,12,425,378,3.4
00,426,333,5.3,01,426,386,6,02,426,378,5.7,03,426,378,5.2,04,426,400,5.7,05,426,400,5.4,06,426,379,4.4,07,426,379,4.2,08,426,379,4,09,426,378,3.8,10,426,378,3.6,11,426,378,3.5,12,426,378,3.4
00,427,333,5.3,01,427,386,6,02,427,380,5.8,03,427,380,5.3,04,427,401,5.7,05,427,401,5.4,06,427,379,4.4,07,427,379,4.2,08,427,379,4,09,427,379,3.8,10,427,379,3.7,11,427,379,3.5,12,427,379,3.4
00,428,333,5.3,01,428,386,6,02,428,381,5.9,03,428,381,5.4,04,428,402,5.8,05,428,402,5.4,06,428,380,4.4,07,428,380,4.2,08,428,380,4,09,428,380,3.8,10,428,380,3.7,11,428,380,3.5,12,428,380,3.4
00,429,333,5.3,01,429,386,6,02,429,383,6,03,429,383,5.4,04,429,402,5.8,05,429,402,5.4,06,429,381,4.4,07,429,381,4.2,08,429,381,4,09,429,381,3.9,10,429,381,3.7,11,429,381,3.6,12,429,381,3.4
00,430,333,5.3,01,430,386,6,02,430,385,6,03,430,385,5.5,04,430,403,5.8,05,430,403,5.5,06,430,382,4.5,07,430,382,4.2,08,430,382,4.1,09,430,381,3.9,10,430,381,3.7,11,430,381,3.6,12,430,381,3.4
00,431,333,5.3,01,431,386,6,02,431,386,6,03,431,386,5.6,04,431,404,5.9,05,431,404,5.5,06,431,382,4.5,07,431,382,4.2,08,431,382,4.1,09,431,382,3.9,10,431,382,3.7,11,431,382,3.6,12,431,382,3.5
00,432,333,5.3,01,432,386,6,02,432,388,6,03,432,388,5.6,04,432,405,5.9,05,432,405,5.6,06,432,383,4.5,07,432,383,4.3,08,432,383,4.1,09,432,383,3.9,10,432,383,3.8,11,432,383,3.6,12,432,383,3.5
00,433,333,5.3,01,433,386,6,02,433,389,6,03,433,389,5.7,04,433,405,5.9,05,433,405,5.6,06,433,384,4.5,07,433,384,4.3,08,433,384,4.1,09,433,384,3.9,10,433,384,3.8,11,433,384,3.6,12,433,384,3.5
00,434,333,5.3,01,434,386,6,02,434,391,6,03,434,391,5.8,04,434,406,6,05,434,406,5.6,06,434,385,4.5,07,434,385,4.3,08,434,385,4.2,09,434,384,3.9,10,434,384,3.8,11,434,384,3.6,12,434,384,3.5
00,435,333,5.3,01,435,386,6,02,435,392,6,03,435,392,5.8,04,435,407,6,05,435,407,5.6,06,435,385,4.5,07,435,385,4.3,08,435,385,4.2,09,435,385,4,10,435,385,3.8,11,435,385,3.7,12,435,385,3.5
00,436,333,5.3,01,436,386,6,02,436,394,6,03,436,394,5.9,04,436,407,6,05,436,407,5.6,06,436,386,4.6,07,436,386,4.4,08,436,386,4.2,09,436,386,4,10,436,386,3.8,11,436,386,3.7,12,436,386,3.6
00,437,333,5.3,01,437,386,6,02,437,395,6,03,437,395,5.9,04,437,408,6,05,437,408,5.7,06,437,387,4.6,07,437,387,4.4,08,437,387,4.2,09,437,387,4,10,437,387,3.9,11,437,387,3.7,12,437,387,3.6
00,438,333,5.3,01,438,386,6,02,438,397,6,03,438,397,6,04,438,409,6,05,438,409,5.7,06,438,388,4.6,07,438,388,4.4,08,438,388,4.2,09,438,387,4,10,438,387,3.9,11,438,387,3.7,12,438,387,3.6
00,439,333,5.3,01,439,386,6,02,439,399,6,03,439,399,6,04,439,409,6,05,439,409,5.7,06,439,389,4.7,07,439,389,4.5,08,439,389,4.3,09,439,388,4,10,439,388,3.9,11,439,388,3.7,12,439,388,3.6
00,440,333,5.3,01,440,386,6,02,440,400,6,03,440,400,6,04,440,410,6,05,440,410,5.8,06,440,389,4.7,07,440,389,4.5,08,440,389,4.3,09,440,389,4.1,10,440,389,3.9,11,440,389,3.8,12,440,389,3.6
00,441,333,5.3,01,441,386,6,02,441,402,6,03,441,402,6,04,441,411,6,05,441,411,5.8,06,441,390,4.7,07,441,390,4.5,08,441,390,4.3,09,441,390,4.1,10,441,390,3.9,11,441,390,3.8,12,441,390,3.7
00,442,333,5.3,01,442,386,6,02,442,403,6,03,442,403,6,04,442,411,6,05,442,411,5.8,06,442,391,4.7,07,442,391,4.5,08,442,391,4.3,09,442,390,4.1,10,442,390,3.9,11,442,390,3.8,12,442,390,3.7
00,443,333,5.3,01,443,386,6,02,443,405,6,03,443,405,6,04,443,412,6,05,443,412,5.8,06,443,392,4.7,07,443,392,4.5,08,443,392,4.4,09,443,391,4.1,10,443,391,4,11,443,391,3.8,12,443,391,3.7
00,444,333,5.3,01,444,386,6,02,444,406,6,03,444,406,6,04,444,413,6,05,444,413,5.9,06,444,392,4.7,07,444,392,4.5,08,444,392,4.4,09,444,392,4.2,10,444,392,4,11,444,392,3.8,12,444,392,3.7
00,445,333,5.3,01,445,386,6,02,445,408,6,03,445,408,6,04,445,413,6,05,445,413,5.9,06,445,393,4.8,07,445,393,4.6,08,445,393,4.4,09,445,393,4.2,10,445,393,4,11,445,393,3.9,12,445,393,3.7
00,446,333,5.3,01,446,386,6,02,446,410,6,03,446,410,6,04,446,414,6,05,446,414,5.9,06,446,394,4.8,07,446,394,4.6,08,446,394,4.4,09,446,393,4.2,10,446,393,4,11,446,393,3.9,12,446,393,3.7
00,447,333,5.3,01,447,386,6,02,447,411,6,03,447,411,6,04,447,414,6,05,447,414,5.9,06,447,394,4.8,07,447,394,4.6,08,447,394,4.4,09,447,394,4.2,10,447,394,4,11,447,394,3.9,12,447,394,3.8
00,448,333,5.3,01,448,386,6,02,448,413,6,03,448,413,6,04,448,415,6,05,448,415,6,06,448,395,4.8,07,448,395,4.6,08,448,395,4.5,09,448,395,4.3,10,448,395,4.1,11,448,395,3.9,12,448,395,3.8
00,449,333,5.3,01,449,386,6,02,449,414,6,03,449,414,6,04,449,416,6,05,449,416,6,06,449,396,4.9,07,449,396,4.7,08,449,396,4.5,09,449,396,4.3,10,449,396,4.1,11,449,396,3.9,12,449,396,3.8
00,450,333,5.3,01,450,386,6,02,450,416,6,03,450,416,6,04,450,416,6,05,450,416,6,06,450,397,4.9,07,450,397,4.7,08,450,397,4.5,09,450,396,4.3,10,450,396,4.1,11,450,396,3.9,12,450,396,3.8
00,451,333,5.3,01,451,386,6,02,451,417,6,03,451,417,6,04,451,417,6,05,451,417,6,06,451,397,4.9,07,451,397,4.7,08,451,397,4.5,09,451,397,4.3,10,451,397,4.1,11,451,397,4,12,451,397,3.8
00,452,333,5.3,01,452,386,6,02,452,419,6,03,452,419,6,04,452,418,6,05,452,418,6,06,452,398,4.9,07,452,398,4.7,08,452,398,4.5,09,452,398,4.3,10,452,398,4.2,11,452,398,4,12,452,398,3.9
00,453,333,5.3,01,453,386,6,02,453,420,6,03,453,420,6,04,453,418,6,05,453,418,6,06,453,399,5,07,453,399,4.7,08,453,399,4.6,09,453,399,4.4,10,453,399,4.2,11,453,399,4,12,453,399,3.9
00,454,333,5.3,01,454,386,6,02,454,422,6,03,454,422,6,04,454,419,6,05,454,419,6,06,454,399,5,07,454,399,4.7,08,454,399,4.6,09,454,400,4.4,10,454,400,4.2,11,454,400,4,12,454,400,3.9
00,455,333,5.3,01,455,386,6,02,455,424,6,03,455,424,6,04,455,420,6,05,455,420,6,06,455,400,5,07,455,400,4.8,08,455,400,4.6,09,455,400,4.4,10,455,400,4.2,11,455,400,4,12,455,400,3.9
00,456,333,5.3,01,456,386,6,02,456,425,6,03,456,425,6,04,456,421,6,05,456,421,6,06,456,401,5,07,456,401,4.8,08,456,401,4.6,09,456,401,4.4,10,456,401,4.3,11,456,401,4.1,12,456,401,3.9
00,457,333,5.3,01,457,386,6,02,457,427,6,03,457,427,6,04,457,423,6,05,457,423,6,06,457,401,5,07,457,401,4.8,08,457,401,4.6,09,457,402,4.5,10,457,402,4.3,11,457,402,4.1,12,457,402,4
00,458,333,5.3,01,458,386,6,02,458,427,6,03,458,427,6,04,458,424,6,05,458,424,6,06,458,402,5.1,07,458,402,4.8,08,458,402,4.7,09,458,403,4.5,10,458,403,4.3,11,458,403,4.1,12,458,403,4
00,459,333,5.3,01,459,386,6,02,459,427,6,03,459,427,6,04,459,425,6,05,459,425,6,06,459,403,5.1,07,459,403,4.9,08,459,403,4.7,09,459,403,4.5,10,459,403,4.3,11,459,403,4.1,12,459,403,4
00,460,333,5.3,01,460,386,6,02,460,427,6,03,460,427,6,04,460,426,6,05,460,426,6,06,460,403,5.1,07,460,403,4.9,08,460,403,4.7,09,460,404,4.5,10,460,404,4.3,11,460,404,4.2,12,460,404,4
00,461,333,5.3,01,461,386,6,02,461,427,6,03,461,427,6,04,461,427,6,05,461,427,6,06,461,404,5.2,07,461,404,4.9,08,461,404,4.7,09,461,405,4.6,10,461,405,4.4,11,461,405,4.2,12,461,405,4
00,462,333,5.3,01,462,386,6,02,462,427,6,03,462,427,6,04,462,429,6,05,462,429,6,06,462,405,5.2,07,462,405,4.9,08,462,405,4.7,09,462,406,4.6,10,462,406,4.4,11,462,406,4.2,12,462,406,4.1
00,463,333,5.3,01,463,386,6,02,463,427,6,03,463,427,6,04,463,430,6,05,463,430,6,06,463,405,5.2,07,463,405,4.9,08,463,405,4.7,09,463,406,4.6,10,463,406,4.4,11,463,406,4.2,12,463,406,4.1
00,464,333,5.3,01,464,386,6,02,464,427,6,03,464,427,6,04,464,431,6,05,464,431,6,06,464,406,5.2,07,464,406,5,08,464,406,4.8,09,464,407,4.6,10,464,407,4.4,11,464,407,4.3,12,464,407,4.1
00,465,333,5.3,01,465,386,6,02,465,427,6,03,465,427,6,04,465,432,6,05,465,432,6,06,465,407,5.3,07,465,407,5,08,465,407,4.8,09,465,408,4.6,10,465,408,4.5,11,465,408,4.3,12,465,408,4.1
00,466,333,5.3,01,466,386,6,02,466,427,6,03,466,427,6,04,466,434,6,05,466,434,6,06,466,408,5.3,07,466,408,5,08,466,408,4.8,09,466,409,4.7,10,466,409,4.5,11,466,409,4.3,12,466,409,4.2
00,467,333,5.3,01,467,386,6,02,467,427,6,03,467,427,6,04,467,435,6,05,467,435,6,06,467,408,5.3,07,467,408,5,08,467,408,4.8,09,467,410,4.7,10,467,410,4.5,11,467,410,4.4,12,467,410,4.2
00,468,333,5.3,01,468,386,6,02,468,427,6,03,468,427,6,04,468,436,6,05,468,436,6,06,468,409,5.4,07,468,409,5.1,08,468,409,4.9,09,468,410,4.7,10,468,410,4.5,11,468,410,4.4,12,468,410,4.2
00,469,333,5.3,01,469,386,6,02,469,427,6,03,469,427,6,04,469,437,6,05,469,437,6,06,469,410,5.4,07,469,410,5.1,08,469,410,4.9,09,469,411,4.7,10,469,411,4.6,11,469,411,4.4,12,469,411,4.2
00,470,333,5.3,01,470,386,6,02,470,427,6,03,470,427,6,04,470,439,6,05,470,439,6,06,470,410,5.4,07,470,410,5.1,08,470,410,4.9,09,470,412,4.8,10,470,412,4.6,11,470,412,4.4,12,470,412,4.3
00,471,333,5.3,01,471,386,6,02,471,427,6,03,471,427,6,04,471,440,6,05,471,440,6,06,471,411,5.5,07,471,411,5.2,08,471,411,4.9,09,471,413,4.8,10,471,413,4.6,11,471,413,4.5,12,471,413,4.3
00,472,333,5.3,01,472,386,6,02,472,427,6,03,472,427,6,04,472,441,6,05,472,441,6,06,472,412,5.5,07,472,412,5.2,08,472,412,5,09,472,414,4.8,10,472,414,4.6,11,472,414,4.5,12,472,414,4.3
00,473,333,5.3,01,473,386,6,02,473,427,6,03,473,427,6,04,473,442,6,05,473,442,6,06,473,413,5.5,07,473,413,5.2,08,473,413,5,09,473,414,4.8,10,473,414,4.6,11,473,414,4.5,12,473,414,4.3
00,474,333,5.3,01,474,386,6,02,474,427,6,03,474,427,6,04,474,444,6,05,474,444,6,06,474,414,5.6,07,474,414,5.3,08,474,414,5,09,474,415,4.9,10,474,415,4.7,11,474,415,4.5,12,474,415,4.4
00,475,333,5.3,01,475,386,6,02,475,427,6,03,475,427,6,04,475,445,6,05,475,445,6,06,475,414,5.6,07,475,414,5.3,08,475,414,5,09,475,416,4.9,10,475,416,4.7,11,475,416,4.5,12,475,416,4.4
00,476,333,5.3,01,476,386,6,02,476,427,6,03,476,427,6,04,476,446,6,05,476,446,6,06,476,415,5.6,07,476,415,5.3,08,476,415,5.1,09,476,417,4.9,10,476,417,4.7,11,476,417,4.6,12,476,417,4.4
00,477,333,5.3,01,477,386,6,02,477,427,6,03,477,427,6,04,477,447,6,05,477,447,6,06,477,416,5.7,07,477,416,5.4,08,477,416,5.1,09,477,418,5,10,477,418,4.8,11,477,418,4.6,12,477,418,4.5
00,478,333,5.3,01,478,386,6,02,478,427,6,03,478,427,6,04,478,449,6,05,478,449,6,06,478,417,5.7,07,478,417,5.4,08,478,417,5.1,09,478,418,5,10,478,418,4.8,11,478,418,4.6,12,478,418,4.5
00,479,333,5.3,01,479,386,6,02,479,427,6,03,479,427,6,04,479,450,6,05,479,450,6,06,479,417,5.7,07,479,417,5.4,08,479,417,5.1,09,479,419,5,10,479,419,4.8,11,479,419,4.6,12,479,419,4.5
00,480,333,5.3,01,480,386,6,02,480,427,6,03,480,427,6,04,480,451,6,05,480,451,6,06,480,419,5.8,07,480,419,5.5,08,480,419,5.2,09,480,420,5,10,480,420,4.8,11,480,420,4.7,12,480,420,4.5
00,481,333,5.3,01,481,386,6,02,481,427,6,03,481,427,6,04,481,452,6,05,481,452,6,06,481,421,5.9,07,481,421,5.6,08,481,421,5.3,09,481,421,5.1,10,481,421,4.9,11,481,421,4.7,12,481,421,4.5
00,482,333,5.3,01,482,386,6,02,482,427,6,03,482,427,6,04,482,454,6,05,482,454,6,06,482,422,5.9,07,482,422,5.6,08,482,422,5.3,09,482,421,5.1,10,482,421,4.9,11,482,421,4.7,12,482,421,4.5
00,483,333,5.3,01,483,386,6,02,483,427,6,03,483,427,6,04,483,455,6,05,483,455,6,06,483,424,6,07,483,424,5.7,08,483,424,5.4,09,483,422,5.1,10,483,422,4.9,11,483,422,4.7,12,483,422,4.6
00,484,333,5.3,01,484,386,6,02,484,427,6,03,484,427,6,04,484,456,6,05,484,456,6,06,484,426,6,07,484,426,5.8,08,484,426,5.5,09,484,423,5.1,10,484,423,4.9,11,484,423,4.8,12,484,423,4.6
00,485,333,5.3,01,485,386,6,02,485,427,6,03,485,427,6,04,485,457,6,05,485,457,6,06,485,427,6,07,485,427,5.8,08,485,427,5.5,09,485,424,5.2,10,485,424,5,11,485,424,4.8,12,485,424,4.6
00,486,333,5.3,01,486,386,6,02,486,427,6,03,486,427,6,04,486,459,6,05,486,459,6,06,486,429,6,07,486,429,5.9,08,486,429,5.6,09,486,424,5.2,10,486,424,5,11,486,424,4.8,12,486,424,4.6
00,487,333,5.3,01,487,386,6,02,487,427,6,03,487,427,6,04,487,460,6,05,487,460,6,06,487,430,6,07,487,430,5.9,08,487,430,5.6,09,487,425,5.2,10,487,425,5,11,487,425,4.8,12,487,425,4.7
00,488,333,5.3,01,488,386,6,02,488,427,6,03,488,427,6,04,488,461,6,05,488,461,6,06,488,432,6,07,488,432,6,08,488,432,5.7,09,488,426,5.2,10,488,426,5,11,488,426,4.9,12,488,426,4.7
00,489,333,5.3,01,489,386,6,02,489,427,6,03,489,427,6,04,489,462,6,05,489,462,6,06,489,434,6,07,489,434,6,08,489,434,5.8,09,489,427,5.3,10,489,427,5.1,11,489,427,4.9,12,489,427,4.7
00,490,333,5.3,01,490,386,6,02,490,427,6,03,490,427,6,04,490,464,6,05,490,464,6,06,490,435,6,07,490,435,6,08,490,435,5.8,09,490,427,5.3,10,490,427,5.1,11,490,427,4.9,12,490,427,4.7
00,491,333,5.3,01,491,386,6,02,491,427,6,03,491,427,6,04,491,465,6,05,491,465,6,06,491,437,6,07,491,437,6,08,491,437,5.9,09,491,428,5.3,10,491,428,5.1,11,491,428,4.9,12,491,428,4.8
00,492,333,5.3,01,492,386,6,02,492,427,6,03,492,427,6,04,492,466,6,05,492,466,6,06,492,439,6,07,492,439,6,08,492,439,6,09,492,429,5.3,10,492,429,5.1,11,492,429,5,12,492,429,4.8
00,493,333,5.3,01,493,386,6,02,493,427,6,03,493,427,6,04,493,467,6,05,493,467,6,06,493,440,6,07,493,440,6,08,493,440,6,09,493,429,5.3,10,493,429,5.1,11,493,429,5,12,493,429,4.8
00,494,333,5.3,01,494,386,6,02,494,427,6,03,494,427,6,04,494,469,6,05,494,469,6,06,494,442,6,07,494,442,6,08,494,442,6,09,494,430,5.4,10,494,430,5.2,11,494,430,5,12,494,430,4.8
00,495,333,5.3,01,495,386,6,02,495,427,6,03,495,427,6,04,495,470,6,05,495,470,6,06,495,444,6,07,495,444,6,08,495,444,6,09,495,431,5.4,10,495,431,5.2,11,495,431,5,12,495,431,4.9
00,496,333,5.3,01,496,386,6,02,496,427,6,03,496,427,6,04,496,470,6,05,496,470,6,06,496,445,6,07,496,445,6,08,496,445,6,09,496,432,5.5,10,496,432,5.2,11,496,432,5.1,12,496,432,4.9
00,497,333,5.3,01,497,386,6,02,497,427,6,03,497,427,6,04,497,470,6,05,497,470,6,06,497,447,6,07,497,447,6,08,497,447,6,09,497,432,5.5,10,497,432,5.2,11,497,432,5.1,12,497,432,4.9
00,498,333,5.3,01,498,386,6,02,498,427,6,03,498,427,6,04,498,470,6,05,498,470,6,06,498,448,6,07,498,448,6,08,498,448,6,09,498,433,5.5,10,498,433,5.3,11,498,433,5.1,12,498,433,4.9
00,499,333,5.3,01,499,386,6,02,499,427,6,03,499,427,6,04,499,470,6,05,499,470,6,06,499,450,6,07,499,450,6,08,499,450,6,09,499,434,5.5,10,499,434,5.3,11,499,434,5.1,12,499,434,5
00,500,333,5.3,01,500,386,6,02,500,427,6,03,500,427,6,04,500,470,6,05,500,470,6,06,500,452,6,07,500,452,6,08,500,452,6,09,500,434,5.5,10,500,434,5.3,11,500,434,5.1,12,500,434,5
00,501,333,5.3,01,501,386,6,02,501,427,6,03,501,427,6,04,501,470,6,05,501,470,6,06,501,453,6,07,501,453,6,08,501,453,6,09,501,435,5.6,10,501,435,5.3,11,501,435,5.2,12,501,435,5
00,502,333,5.3,01,502,386,6,02,502,427,6,03,502,427,6,04,502,470,6,05,502,470,6,06,502,455,6,07,502,455,6,08,502,455,6,09,502,436,5.6,10,502,436,5.4,11,502,436,5.2,12,502,436,5
00,503,333,5.3,01,503,386,6,02,503,427,6,03,503,427,6,04,503,470,6,05,503,470,6,06,503,457,6,07,503,457,6,08,503,457,6,09,503,436,5.6,10,503,436,5.4,11,503,436,5.2,12,503,436,5
00,504,333,5.3,01,504,386,6,02,504,427,6,03,504,427,6,04,504,470,6,05,504,470,6,06,504,457,6,07,504,457,6,08,504,457,6,09,504,437,5.6,10,504,437,5.4,11,504,437,5.2,12,504,437,5
00,505,333,5.3,01,505,386,6,02,505,427,6,03,505,427,6,04,505,470,6,05,505,470,6,06,505,457,6,07,505,457,6,08,505,457,6,09,505,438,5.7,10,505,438,5.4,11,505,438,5.3,12,505,438,5.1
00,506,333,5.3,01,506,386,6,02,506,427,6,03,506,427,6,04,506,470,6,05,506,470,6,06,506,457,6,07,506,457,6,08,506,457,6,09,506,438,5.7,10,506,438,5.4,11,506,438,5.3,12,506,438,5.1
00,507,333,5.3,01,507,386,6,02,507,427,6,03,507,427,6,04,507,470,6,05,507,470,6,06,507,457,6,07,507,457,6,08,507,457,6,09,507,439,5.7,10,507,439,5.5,11,507,439,5.3,12,507,439,5.1
00,508,333,5.3,01,508,386,6,02,508,427,6,03,508,427,6,04,508,470,6,05,508,470,6,06,508,457,6,07,508,457,6,08,508,457,6,09,508,440,5.7,10,508,440,5.5,11,508,440,5.3,12,508,440,5.1
00,509,333,5.3,01,509,386,6,02,509,427,6,03,509,427,6,04,509,470,6,05,509,470,6,06,509,457,6,07,509,457,6,08,509,457,6,09,509,440,5.7,10,509,440,5.5,11,509,440,5.3,12,509,440,5.1
00,510,333,5.3,01,510,386,6,02,510,427,6,03,510,427,6,04,510,470,6,05,510,470,6,06,510,457,6,07,510,457,6,08,510,457,6,09,510,442,5.8,10,510,442,5.6,11,510,442,5.4,12,510,442,5.2
00,511,333,5.3,01,511,386,6,02,511,427,6,03,511,427,6,04,511,470,6,05,511,470,6,06,511,457,6,07,511,457,6,08,511,457,6,09,511,444,5.9,10,511,444,5.6,11,511,444,5.5,12,511,444,5.3
00,512,333,5.3,01,512,386,6,02,512,427,6,03,512,427,6,04,512,470,6,05,512,470,6,06,512,457,6,07,512,457,6,08,512,457,6,09,512,445,5.9,10,512,445,5.7,11,512,445,5.5,12,512,445,5.3
00,513,333,5.3,01,513,386,6,02,513,427,6,03,513,427,6,04,513,470,6,05,513,470,6,06,513,457,6,07,513,457,6,08,513,457,6,09,513,447,6,10,513,447,5.7,11,513,447,5.6,12,513,447,5.4
00,514,333,5.3,01,514,386,6,02,514,427,6,03,514,427,6,04,514,470,6,05,514,470,6,06,514,457,6,07,514,457,6,08,514,457,6,09,514,449,6,10,514,449,5.8,11,514,449,5.6,12,514,449,5.4
00,515,333,5.3,01,515,386,6,02,515,427,6,03,515,427,6,04,515,470,6,05,515,470,6,06,515,457,6,07,515,457,6,08,515,457,6,09,515,450,6,10,515,450,5.8,11,515,450,5.7,12,515,450,5.5
00,516,333,5.3,01,516,386,6,02,516,427,6,03,516,427,6,04,516,470,6,05,516,470,6,06,516,457,6,07,516,457,6,08,516,457,6,09,516,452,6,10,516,452,5.9,11,516,452,5.7,12,516,452,5.5
00,517,333,5.3,01,517,386,6,02,517,427,6,03,517,427,6,04,517,470,6,05,517,470,6,06,517,457,6,07,517,457,6,08,517,457,6,09,517,454,6,10,517,454,6,11,517,454,5.8,12,517,454,5.6
00,518,333,5.3,01,518,386,6,02,518,427,6,03,518,427,6,04,518,470,6,05,518,470,6,06,518,457,6,07,518,457,6,08,518,457,6,09,518,455,6,10,518,455,6,11,518,455,5.8,12,518,455,5.6
00,519,333,5.3,01,519,386,6,02,519,427,6,03,519,427,6,04,519,470,6,05,519,470,6,06,519,457,6,07,519,457,6,08,519,457,6,09,519,457,6,10,519,457,6,11,519,457,5.9,12,519,457,5.7
00,520,333,5.3,01,520,386,6,02,520,427,6,03,520,427,6,04,520,470,6,05,520,470,6,06,520,457,6,07,520,457,6,08,520,457,6,09,520,459,6,10,520,459,6,11,520,459,6,12,520,459,5.7
00,521,333,5.3,01,521,386,6,02,521,427,6,03,521,427,6,04,521,470,6,05,521,470,6,06,521,457,6,07,521,457,6,08,521,457,6,09,521,460,6,10,521,460,6,11,521,460,6,12,521,460,5.8
00,522,333,5.3,01,522,386,6,02,522,427,6,03,522,427,6,04,522,470,6,05,522,470,6,06,522,457,6,07,522,457,6,08,522,457,6,09,522,462,6,10,522,462,6,11,522,462,6,12,522,462,5.8
00,523,333,5.3,01,523,386,6,02,523,427,6,03,523,427,6,04,523,470,6,05,523,470,6,06,523,457,6,07,523,457,6,08,523,457,6,09,523,464,6,10,523,464,6,11,523,464,6,12,523,464,5.9
00,524,333,5.3,01,524,386,6,02,524,427,6,03,524,427,6,04,524,470,6,05,524,470,6,06,524,457,6,07,524,457,6,08,524,457,6,09,524,465,6,10,524,465,6,11,524,465,6,12,524,465,5.9
00,525,333,5.3,01,525,386,6,02,525,427,6,03,525,427,6,04,525,470,6,05,525,470,6,06,525,457,6,07,525,457,6,08,525,457,6,09,525,467,6,10,525,467,6,11,525,467,6,12,525,467,6
00,526,333,5.3,01,526,386,6,02,526,427,6,03,526,427,6,04,526,470,6,05,526,470,6,06,526,457,6,07,526,457,6,08,526,457,6,09,526,469,6,10,526,469,6,11,526,469,6,12,526,469,6
00,527,333,5.3,01,527,386,6,02,527,427,6,03,527,427,6,04,527,470,6,05,527,470,6,06,527,457,6,07,527,457,6,08,527,457,6,09,527,470,6,10,527,470,6,11,527,470,6,12,527,470,6
00,528,333,5.3,01,528,386,6,02,528,427,6,03,528,427,6,04,528,470,6,05,528,470,6,06,528,457,6,07,528,457,6,08,528,457,6,09,528,472,6,10,528,472,6,11,528,472,6,12,528,472,6
00,529,333,5.3,01,529,386,6,02,529,427,6,03,529,427,6,04,529,470,6,05,529,470,6,06,529,457,6,07,529,457,6,08,529,457,6,09,529,474,6,10,529,474,6,11,529,474,6,12,529,474,6
00,530,333,5.3,01,530,386,6,02,530,427,6,03,530,427,6,04,530,470,6,05,530,470,6,06,530,457,6,07,530,457,6,08,530,457,6,09,530,476,6,10,530,476,6,11,530,476,6,12,530,476,6
00,531,333,5.3,01,531,386,6,02,531,427,6,03,531,427,6,04,531,470,6,05,531,470,6,06,531,457,6,07,531,457,6,08,531,457,6,09,531,477,6,10,531,477,6,11,531,477,6,12,531,477,6
00,532,333,5.3,01,532,386,6,02,532,427,6,03,532,427,6,04,532,470,6,05,532,470,6,06,532,457,6,07,532,457,6,08,532,457,6,09,532,479,6,10,532,479,6,11,532,479,6,12,532,479,6
00,533,333,5.3,01,533,386,6,02,533,427,6,03,533,427,6,04,533,470,6,05,533,470,6,06,533,457,6,07,533,457,6,08,533,457,6,09,533,481,6,10,533,481,6,11,533,481,6,12,533,481,6
00,534,333,5.3,01,534,386,6,02,534,427,6,03,534,427,6,04,534,470,6,05,534,470,6,06,534,457,6,07,534,457,6,08,534,457,6,09,534,482,6,10,534,482,6,11,534,482,6,12,534,482,6
00,535,333,5.3,01,535,386,6,02,535,427,6,03,535,427,6,04,535,470,6,05,535,470,6,06,535,457,6,07,535,457,6,08,535,457,6,09,535,484,6,10,535,484,6,11,535,484,6,12,535,484,6
00,536,333,5.3,01,536,386,6,02,536,427,6,03,536,427,6,04,536,470,6,05,536,470,6,06,536,457,6,07,536,457,6,08,536,457,6,09,536,486,6,10,536,486,6,11,536,486,6,12,536,486,6
00,537,333,5.3,01,537,386,6,02,537,427,6,03,537,427,6,04,537,470,6,05,537,470,6,06,537,457,6,07,537,457,6,08,537,457,6,09,537,487,6,10,537,487,6,11,537,487,6,12,537,487,6
00,538,333,5.3,01,538,386,6,02,538,427,6,03,538,427,6,04,538,470,6,05,538,470,6,06,538,457,6,07,538,457,6,08,538,457,6,09,538,489,6,10,538,489,6,11,538,489,6,12,538,489,6
00,539,333,5.3,01,539,386,6,02,539,427,6,03,539,427,6,04,539,470,6,05,539,470,6,06,539,457,6,07,539,457,6,08,539,457,6,09,539,491,6,10,539,491,6,11,539,491,6,12,539,491,6
00,540,333,5.3,01,540,386,6,02,540,427,6,03,540,427,6,04,540,470,6,05,540,470,6,06,540,457,6,07,540,457,6,08,540,457,6,09,540,491,6,10,540,491,6,11,540,491,6,12,540,491,6
00,541,333,5.3,01,541,386,6,02,541,427,6,03,541,427,6,04,541,470,6,05,541,470,6,06,541,457,6,07,541,457,6,08,541,457,6,09,541,491,6,10,541,491,6,11,541,491,6,12,541,491,6
00,542,333,5.3,01,542,386,6,02,542,427,6,03,542,427,6,04,542,470,6,05,542,470,6,06,542,457,6,07,542,457,6,08,542,457,6,09,542,491,6,10,542,491,6,11,542,491,6,12,542,491,6
00,543,333,5.3,01,543,386,6,02,543,427,6,03,543,427,6,04,543,470,6,05,543,470,6,06,543,457,6,07,543,457,6,08,543,457,6,09,543,491,6,10,543,491,6,11,543,491,6,12,543,491,6
00,544,333,5.3,01,544,386,6,02,544,427,6,03,544,427,6,04,544,470,6,05,544,470,6,06,544,457,6,07,544,457,6,08,544,457,6,09,544,491,6,10,544,491,6,11,544,491,6,12,544,491,6
00,545,333,5.3,01,545,386,6,02,545,427,6,03,545,427,6,04,545,470,6,05,545,470,6,06,545,457,6,07,545,457,6,08,545,457,6,09,545,491,6,10,545,491,6,11,545,491,6,12,545,491,6
00,546,333,5.3,01,546,386,6,02,546,427,6,03,546,427,6,04,546,470,6,05,546,470,6,06,546,457,6,07,546,457,6,08,546,457,6,09,546,491,6,10,546,491,6,11,546,491,6,12,546,491,6
00,547,333,5.3,01,547,386,6,02,547,427,6,03,547,427,6,04,547,470,6,05,547,470,6,06,547,457,6,07,547,457,6,08,547,457,6,09,547,491,6,10,547,491,6,11,547,491,6,12,547,491,6
00,548,333,5.3,01,548,386,6,02,548,427,6,03,548,427,6,04,548,470,6,05,548,470,6,06,548,457,6,07,548,457,6,08,548,457,6,09,548,491,6,10,548,491,6,11,548,491,6,12,548,491,6
00,549,333,5.3,01,549,386,6,02,549,427,6,03,549,427,6,04,549,470,6,05,549,470,6,06,549,457,6,07,549,457,6,08,549,457,6,09,549,491,6,10,549,491,6,11,549,491,6,12,549,491,6
00,550,333,5.3,01,550,386,6,02,550,427,6,03,550,427,6,04,550,470,6,05,550,470,6,06,550,457,6,07,550,457,6,08,550,457,6,09,550,491,6,10,550,491,6,11,550,491,6,12,550,491,6
00,551,333,5.3,01,551,386,6,02,551,427,6,03,551,427,6,04,551,470,6,05,551,470,6,06,551,457,6,07,551,457,6,08,551,457,6,09,551,491,6,10,551,491,6,11,551,491,6,12,551,491,6
00,552,333,5.3,01,552,386,6,02,552,427,6,03,552,427,6,04,552,470,6,05,552,470,6,06,552,457,6,07,552,457,6,08,552,457,6,09,552,491,6,10,552,491,6,11,552,491,6,12,552,491,6
00,553,333,5.3,01,553,386,6,02,553,427,6,03,553,427,6,04,553,470,6,05,553,470,6,06,553,457,6,07,553,457,6,08,553,457,6,09,553,491,6,10,553,491,6,11,553,491,6,12,553,491,6
00,554,333,5.3,01,554,386,6,02,554,427,6,03,554,427,6,04,554,470,6,05,554,470,6,06,554,457,6,07,554,457,6,08,554,457,6,09,554,491,6,10,554,491,6,11,554,491,6,12,554,491,6
00,555,333,5.3,01,555,386,6,02,555,427,6,03,555,427,6,04,555,470,6,05,555,470,6,06,555,457,6,07,555,457,6,08,555,457,6,09,555,491,6,10,555,491,6,11,555,491,6,12,555,491,6
00,556,333,5.3,01,556,386,6,02,556,427,6,03,556,427,6,04,556,470,6,05,556,470,6,06,556,457,6,07,556,457,6,08,556,457,6,09,556,491,6,10,556,491,6,11,556,491,6,12,556,491,6
00,557,333,5.3,01,557,386,6,02,557,427,6,03,557,427,6,04,557,470,6,05,557,470,6,06,557,457,6,07,557,457,6,08,557,457,6,09,557,491,6,10,557,491,6,11,557,491,6,12,557,491,6
00,558,333,5.3,01,558,386,6,02,558,427,6,03,558,427,6,04,558,470,6,05,558,470,6,06,558,457,6,07,558,457,6,08,558,457,6,09,558,491,6,10,558,491,6,11,558,491,6,12,558,491,6
00,559,333,5.3,01,559,386,6,02,559,427,6,03,559,427,6,04,559,470,6,05,559,470,6,06,559,457,6,07,559,457,6,08,559,457,6,09,559,491,6,10,559,491,6,11,559,491,6,12,559,491,6
00,560,333,5.3,01,560,386,6,02,560,427,6,03,560,427,6,04,560,470,6,05,560,470,6,06,560,457,6,07,560,457,6,08,560,457,6,09,560,491,6,10,560,491,6,11,560,491,6,12,560,491,6
00,561,333,5.3,01,561,386,6,02,561,427,6,03,561,427,6,04,561,470,6,05,561,470,6,06,561,457,6,07,561,457,6,08,561,457,6,09,561,491,6,10,561,491,6,11,561,491,6,12,561,491,6
00,562,333,5.3,01,562,386,6,02,562,427,6,03,562,427,6,04,562,470,6,05,562,470,6,06,562,457,6,07,562,457,6,08,562,457,6,09,562,491,6,10,562,491,6,11,562,491,6,12,562,491,6
00,563,333,5.3,01,563,386,6,02,563,427,6,03,563,427,6,04,563,470,6,05,563,470,6,06,563,457,6,07,563,457,6,08,563,457,6,09,563,491,6,10,563,491,6,11,563,491,6,12,563,491,6
00,564,333,5.3,01,564,386,6,02,564,427,6,03,564,427,6,04,564,470,6,05,564,470,6,06,564,457,6,07,564,457,6,08,564,457,6,09,564,491,6,10,564,491,6,11,564,491,6,12,564,491,6
00,565,333,5.3,01,565,386,6,02,565,427,6,03,565,427,6,04,565,470,6,05,565,470,6,06,565,457,6,07,565,457,6,08,565,457,6,09,565,491,6,10,565,491,6,11,565,491,6,12,565,491,6
00,566,333,5.3,01,566,386,6,02,566,427,6,03,566,427,6,04,566,470,6,05,566,470,6,06,566,457,6,07,566,457,6,08,566,457,6,09,566,491,6,10,566,491,6,11,566,491,6,12,566,491,6
00,567,333,5.3,01,567,386,6,02,567,427,6,03,567,427,6,04,567,470,6,05,567,470,6,06,567,457,6,07,567,457,6,08,567,457,6,09,567,491,6,10,567,491,6,11,567,491,6,12,567,491,6
00,568,333,5.3,01,568,386,6,02,568,427,6,03,568,427,6,04,568,470,6,05,568,470,6,06,568,457,6,07,568,457,6,08,568,457,6,09,568,491,6,10,568,491,6,11,568,491,6,12,568,491,6
00,569,333,5.3,01,569,386,6,02,569,427,6,03,569,427,6,04,569,470,6,05,569,470,6,06,569,457,6,07,569,457,6,08,569,457,6,09,569,491,6,10,569,491,6,11,569,491,6,12,569,491,6
00,570,333,5.3,01,570,386,6,02,570,427,6,03,570,427,6,04,570,470,6,05,570,470,6,06,570,457,6,07,570,457,6,08,570,457,6,09,570,491,6,10,570,491,6,11,570,491,6,12,570,491,6
00,571,333,5.3,01,571,386,6,02,571,427,6,03,571,427,6,04,571,470,6,05,571,470,6,06,571,457,6,07,571,457,6,08,571,457,6,09,571,491,6,10,571,491,6,11,571,491,6,12,571,491,6
00,572,333,5.3,01,572,386,6,02,572,427,6,03,572,427,6,04,572,470,6,05,572,470,6,06,572,457,6,07,572,457,6,08,572,457,6,09,572,491,6,10,572,491,6,11,572,491,6,12,572,491,6
00,573,333,5.3,01,573,386,6,02,573,427,6,03,573,427,6,04,573,470,6,05,573,470,6,06,573,457,6,07,573,457,6,08,573,457,6,09,573,491,6,10,573,491,6,11,573,491,6,12,573,491,6
00,574,333,5.3,01,574,386,6,02,574,427,6,03,574,427,6,04,574,470,6,05,574,470,6,06,574,457,6,07,574,457,6,08,574,457,6,09,574,491,6,10,574,491,6,11,574,491,6,12,574,491,6
00,575,333,5.3,01,575,386,6,02,575,427,6,03,575,427,6,04,575,470,6,05,575,470,6,06,575,457,6,07,575,457,6,08,575,457,6,09,575,491,6,10,575,491,6,11,575,491,6,12,575,491,6
00,576,333,5.3,01,576,386,6,02,576,427,6,03,576,427,6,04,576,470,6,05,576,470,6,06,576,457,6,07,576,457,6,08,576,457,6,09,576,491,6,10,576,491,6,11,576,491,6,12,576,491,6
00,577,333,5.3,01,577,386,6,02,577,427,6,03,577,427,6,04,577,470,6,05,577,470,6,06,577,457,6,07,577,457,6,08,577,457,6,09,577,491,6,10,577,491,6,11,577,491,6,12,577,491,6
00,578,333,5.3,01,578,386,6,02,578,427,6,03,578,427,6,04,578,470,6,05,578,470,6,06,578,457,6,07,578,457,6,08,578,457,6,09,578,491,6,10,578,491,6,11,578,491,6,12,578,491,6
00,579,333,5.3,01,579,386,6,02,579,427,6,03,579,427,6,04,579,470,6,05,579,470,6,06,579,457,6,07,579,457,6,08,579,457,6,09,579,491,6,10,579,491,6,11,579,491,6,12,579,491,6
00,580,333,5.3,01,580,386,6,02,580,427,6,03,580,427,6,04,580,470,6,05,580,470,6,06,580,457,6,07,580,457,6,08,580,457,6,09,580,491,6,10,580,491,6,11,580,491,6,12,580,491,6
00,581,333,5.3,01,581,386,6,02,581,427,6,03,581,427,6,04,581,470,6,05,581,470,6,06,581,457,6,07,581,457,6,08,581,457,6,09,581,491,6,10,581,491,6,11,581,491,6,12,581,491,6
00,582,333,5.3,01,582,386,6,02,582,427,6,03,582,427,6,04,582,470,6,05,582,470,6,06,582,457,6,07,582,457,6,08,582,457,6,09,582,491,6,10,582,491,6,11,582,491,6,12,582,491,6
00,583,333,5.3,01,583,386,6,02,583,427,6,03,583,427,6,04,583,470,6,05,583,470,6,06,583,457,6,07,583,457,6,08,583,457,6,09,583,491,6,10,583,491,6,11,583,491,6,12,583,491,6
00,584,333,5.3,01,584,386,6,02,584,427,6,03,584,427,6,04,584,470,6,05,584,470,6,06,584,457,6,07,584,457,6,08,584,457,6,09,584,491,6,10,584,491,6,11,584,491,6,12,584,491,6
00,585,333,5.3,01,585,386,6,02,585,427,6,03,585,427,6,04,585,470,6,05,585,470,6,06,585,457,6,07,585,457,6,08,585,457,6,09,585,491,6,10,585,491,6,11,585,491,6,12,585,491,6
00,586,333,5.3,01,586,386,6,02,586,427,6,03,586,427,6,04,586,470,6,05,586,470,6,06,586,457,6,07,586,457,6,08,586,457,6,09,586,491,6,10,586,491,6,11,586,491,6,12,586,491,6
00,587,333,5.3,01,587,386,6,02,587,427,6,03,587,427,6,04,587,470,6,05,587,470,6,06,587,457,6,07,587,457,6,08,587,457,6,09,587,491,6,10,587,491,6,11,587,491,6,12,587,491,6
00,588,333,5.3,01,588,386,6,02,588,427,6,03,588,427,6,04,588,470,6,05,588,470,6,06,588,457,6,07,588,457,6,08,588,457,6,09,588,491,6,10,588,491,6,11,588,491,6,12,588,491,6
00,589,333,5.3,01,589,386,6,02,589,427,6,03,589,427,6,04,589,470,6,05,589,470,6,06,589,457,6,07,589,457,6,08,589,457,6,09,589,491,6,10,589,491,6,11,589,491,6,12,589,491,6
00,590,333,5.3,01,590,386,6,02,590,427,6,03,590,427,6,04,590,470,6,05,590,470,6,06,590,457,6,07,590,457,6,08,590,457,6,09,590,491,6,10,590,491,6,11,590,491,6,12,590,491,6
00,591,333,5.3,01,591,386,6,02,591,427,6,03,591,427,6,04,591,470,6,05,591,470,6,06,591,457,6,07,591,457,6,08,591,457,6,09,591,491,6,10,591,491,6,11,591,491,6,12,591,491,6
00,592,333,5.3,01,592,386,6,02,592,427,6,03,592,427,6,04,592,470,6,05,592,470,6,06,592,457,6,07,592,457,6,08,592,457,6,09,592,491,6,10,592,491,6,11,592,491,6,12,592,491,6
00,593,333,5.3,01,593,386,6,02,593,427,6,03,593,427,6,04,593,470,6,05,593,470,6,06,593,457,6,07,593,457,6,08,593,457,6,09,593,491,6,10,593,491,6,11,593,491,6,12,593,491,6
00,594,333,5.3,01,594,386,6,02,594,427,6,03,594,427,6,04,594,470,6,05,594,470,6,06,594,457,6,07,594,457,6,08,594,457,6,09,594,491,6,10,594,491,6,11,594,491,6,12,594,491,6
00,595,333,5.3,01,595,386,6,02,595,427,6,03,595,427,6,04,595,470,6,05,595,470,6,06,595,457,6,07,595,457,6,08,595,457,6,09,595,491,6,10,595,491,6,11,595,491,6,12,595,491,6
00,596,333,5.3,01,596,386,6,02,596,427,6,03,596,427,6,04,596,470,6,05,596,470,6,06,596,457,6,07,596,457,6,08,596,457,6,09,596,491,6,10,596,491,6,11,596,491,6,12,596,491,6
00,597,333,5.3,01,597,386,6,02,597,427,6,03,597,427,6,04,597,470,6,05,597,470,6,06,597,457,6,07,597,457,6,08,597,457,6,09,597,491,6,10,597,491,6,11,597,491,6,12,597,491,6
00,598,333,5.3,01,598,386,6,02,598,427,6,03,598,427,6,04,598,470,6,05,598,470,6,06,598,457,6,07,598,457,6,08,598,457,6,09,598,491,6,10,598,491,6,11,598,491,6,12,598,491,6
00,599,333,5.3,01,599,386,6,02,599,427,6,03,599,427,6,04,599,470,6,05,599,470,6,06,599,457,6,07,599,457,6,08,599,457,6,09,599,491,6,10,599,491,6,11,599,491,6,12,599,491,6
00,600,333,5.3,01,600,386,6,02,600,427,6,03,600,427,6,04,600,470,6,05,600,470,6,06,600,457,6,07,600,457,6,08,600,457,6,09,600,491,6,10,600,491,6,11,600,491,6,12,600,491,6